No.,Family,Genus name,Species name,Adult female mass,Source (female mass),Gestation length,First source (gestation),Gestation length (2),Second source (gestation),Litter size.,First source (litter size),Litter size. (2),Second source (litter size),Litter size. (3),Third source (litter size),Age at weaning,First source (age at weaning),Age at weaning.,Second source (age at weaning),Age at weaning. (2),Third source (age at weaning),Inter-birth interval.,First source (inter-birth interval),Inter-birth interval. (2),Second source (inter-birth interval),Female age at maturity,First source (age at maturity),Female age at maturity.,Second source (age at maturity),Female age at maturity (2),Third source (age at maturity),Maximum lifespan,First source (lifespan),Maximum lifespan (2),Second source (lifespan),Mass at birth,First source (mass at birth),Mass at birth (2),Second source (mass at birth),Mass at pouch vacation,First source (mass at pouch vacation),Mass at pouch vacation (2),Second source (mass at pouch vacation),Mass at pouch vacation (3),Third source (mass at pouch vacation),Mass at weaning,First source (mass at weaning),Mass at weaning (2),Second source (mass at weaning),Mass at weaning (3),Third source (mass at weaning),Female mass at maturity,Source (mass at maturity),diet type,First source (diet),Second source (diet),Mean group size,First source (group size),Mean group size (2),Second source (group size),Mean group size (3),Third source (group size),Population density,First source (density),Population density.,Second source (density),Population density. (2),Third source (density),Mean annual rainfall,Source (rainfall),diurnality,Source (diurnality),shelter type,Source (shelter),arboreality,Source (arboreality)
1,Acrobatidae,Acrobates,pygmaeus,12,Woodside 1995,_,_,_,_,2.8,Ward 1990b,2.7,Fleming & Frey 1984,_,_,100,Ward 1990b,95,Fleming & Frey 1984,_,_,183,Woodside 1995,_,_,240,Tyndale-Biscoe 1984,_,_,_,_,3,Ward 1990b,4,Collins 1973,0.018,Ward 1990b,_,_,1.7,Ward 1990b,1.5,Fleming & Frey 1984,_,_,8.25,Ward 1990b,7,Fleming & Frey 1984,_,_,_,_,2,Woodside 1995.,Huang et al. 1987,1,Woodside 1995,_,_,_,_,9,Ward 1988,_,_,_,_,800,AUSLIG 1980,2,Woodside 1995,1,Woodside 1995,1,Ward 1990b
2,Potoroidae,Aepyprymnus.,rufescens,2500,Dennis & Johnson 1995b,22,Dennis & Johnson 1995b,23,Johnson 1978,1,Dennis & Johnson 1995b,_,_,_,_,164,Johnson 1978,161,Dennis & Johnson 1995b,_,_,115,Lavery 1985,_,_,313,Johnson 1978,255,Seebeck et al. 1989,_,_,8,Collins 1973,_,_,_,_,_,_,_,_,_,_,_,_,_,_,_,_,_,_,_,_,4,Dennis & Johnson 1995b.,Seebeck et al. 1989,1.2,Frederick & Johnson 1996,1.1,Seebeck et al. 1989,_,_,0.4,Seebeck et al. 1989,2.4,pers. comm. A. Dennis,0.09,pers. Obs C.N. Johnson,700,AUSLIG 1980,2,Dennis & Johnson 1995b,2,Dennis & Johnson 1995b,2,Dennis & Johnson 1995b
3,Dasyuridae,Antechinomys,laniger,20,Valente 1995,12,Woolley 1984,_,_,6,Woolley 1984,_,_,_,_,90,Valente 1995,101,Happold 1972,_,_,183,Valente 1995,_,_,345,Woolley 1984,_,_,_,_,3,Valente 1995,3.3,Woolley 1984,_,_,_,_,_,_,_,_,_,_,_,_,_,_,_,_,_,_,3,Valente 1995,_,1,Valente 1995,_,_,_,_,_,_,_,_,_,_,150,AUSLIG 1980,2,Valente 1995,1,Valente 1995,2,Valente 1995
4,Dasyuridae,Antechinus,agilis,18,Dickman 1995a,27,Dickman 1995a,27,Selwood 1980,10,Dickman 1995a,_,_,_,_,90,Dickman 1995a,_,_,_,_,365,Dickman 1995a,_,_,330,Dickman 1995a,_,_,_,_,_,_,_,_,_,_,_,_,_,_,_,_,_,_,10,Cockburn 1992,_,_,_,_,_,_,3,Dickman 1995a,_,1,Cockburn 1992,_,_,_,_,7.11,Hall & Lee 1982,2.27,Wilson 1991,15,Wilson et al. 1986,1400,AUSLIG 1980,2,Cockburn 1992,1,Dickman 1995a,1,Cockburn & Lazenby-Cohen 1992
5,Dasyuridae,Antechinus,bellus,34,Calaby 1995b,30,Friend 1985,_,_,10,Friend 1985,_,_,_,_,97,Calaby 1995b,95,Friend 1985,_,_,365,Calaby 1995b,_,_,350,Friend 1985,_,_,_,_,2,Calaby 1995b,2.3,Friend 1985,_,_,_,_,_,_,_,_,_,_,_,_,_,_,_,_,_,_,3,Calaby 1995b,_,1,Calaby 1995b,_,_,_,_,1.6,Friend 1985,_,_,_,_,1390,Friend 1985,2,Calaby 1995b,2,Calaby 1995b,2,Calaby & Taylor 1981
6,Dasyuridae,Antechinus,flavipes,34,Van Dyck 1995d,28,Van Dyck 1995d,25,Smith 1984b,8.4,Smith 1984b,_,_,_,_,90,Van Dyck 1995d,_,_,_,_,365,Van Dyck 1995d,_,_,345,Smith 1984b,_,_,_,_,3.5,Smith 1984b,_,_,_,_,_,_,_,_,_,_,_,_,_,_,_,_,_,_,_,_,3,Van Dyck 1995d,_,1,Smith 1984b,_,_,_,_,6.5,Traill & Coates 1993,7.3,Smith 1984b,_,_,1000,AUSLIG 1980,1,Traill & Coates 1993,2,Van Dyck 1995d,2,Traill & Coates 1993
7,Dasyuridae,Antechinus,godmani,61,Watt 1997,_,_,_,_,6,Watt 1997,_,_,_,_,112,Watt 1997,_,_,_,_,365,Van Dyck 1995a,_,_,330,Watt 1997,_,_,_,_,_,_,_,_,_,_,_,_,_,_,_,_,_,_,_,_,_,_,_,_,_,_,3,Van Dyck 1995a,_,1,Watt 1997,_,_,_,_,0.053,Watt 1997,_,_,_,_,1500,Van Dyck 1993,1,Van Dyck 1995a,1,Van Dyck 1995a,1,Watt 1997
8,Dasyuridae,Antechinus,leo,54,Leung 1995,31,Leung 1999,_,_,9.6,Leung 1999,_,_,_,_,77,Leung 1995,_,_,_,_,365,Leung 1995,_,_,350,Leung 1999,_,_,_,_,2,Leung 1995,_,_,_,_,_,_,_,_,_,_,_,_,26,Leung 1999,_,_,_,_,_,_,3,Leung 1995,_,1,Leung 1999,_,_,_,_,1.62,pers. comm. L. K-P. Leung,_,_,_,_,1270,Van Dyck 1980,2,Leung 1995,1,Leung 1995,1,Leung 1999
9,Dasyuridae,Antechinus,minimus,42,Wainer & Wilson 1995,28,Wainer & Wilson 1995,_,_,7.4,Wainer 1976,_,_,_,_,90,Wainer & Wilson 1995,120,Wainer 1976,_,_,365,Wainer & Wilson 1995,_,_,345,Wilson 1986,_,_,_,_,2,Wilson 1986,_,_,0.04,Wilson 1986,_,_,_,_,_,_,_,_,_,_,_,_,_,_,_,_,3,Wainer & Wilson 1995,Wainer 1976,1,Wilson 1986,_,_,_,_,14,Wainer & Wilson 1995,_,_,_,_,1200,AUSLIG 1980,2,Wainer & Wilson 1995,2,Wainer & Wilson 1995,2,Wilson 1986
10,Dasyuridae,Antechinus,stuartii,20,Braithwaite 1995a,27,Braithwaite 1995a,_,_,6.8,Marlow 1961,7.5,Wood 1970,_,_,90,Braithwaite 1995a,_,_,_,_,365,Braithwaite 1995a,_,_,320,Marlow 1961,_,_,_,_,2,Braithwaite 1995a,_,_,0.0164,Marlow 1961,_,_,_,_,_,_,_,_,16,Wood 1970,_,_,_,_,20,Braithwaite 1995a,3,Braithwaite 1995a,_,1,Braithwaite 1995a,_,_,_,_,2.3,Statham & Harden 1982.,4.7,Kemper 1990,1.6,Dickman 1980,1200,AUSLIG 1980,2,Braithwaite 1995a,2,Braithwaite 1995a,2,Wood 1970
11,Dasyuridae,Antechinus,swainsonii,41,Dickman 1995b,28,Dickman 1995b,_,_,8,Dickman 1986,_,_,_,_,90,Dickman 1995b,98,Williams & Williams 1982,_,_,365,Dickman 1995b,_,_,330,Dickman 1995b,_,_,_,_,2,Dickman 1995b,_,_,_,_,_,_,5.2,Williams & Williams 1982,_,_,_,_,15,Dickman 1986,_,_,_,_,_,_,3,Dickman 1995b,_,1,Hall 1980,_,_,_,_,1.78,Hall & Lee 1982,9.77,Dickman 1986,9.72,Carron 1985,1200,AUSLIG 1980,1,Hall 1980,1,Dickman 1995b,2,Dickman 1995b
12,Potoroidae,Bettongia,gaimardi,1660,Rose & Johnson 1995,21,Rose & Johnson 1995,_,_,1,Rose & Johnson 1995,_,_,_,_,155,Rose & Johnson 1995,_,_,_,_,107,Rose & Johnson 1995,_,_,315,Seebeck et al. 1989,365,Rose & Johnson 1995,_,_,7,Pers comm. R. Rose,_,_,0.307,Rose 1989b,_,_,381,Rose 1989a,_,_,_,_,700,Rose 1989b,_,_,_,_,1500,Rose 1989b,4,Taylor 1992,_,1,Rose & Johnson 1995,_,_,_,_,0.19,Taylor 1993,_,_,_,_,800,AUSLIG 1980,2,Rose & Johnson 1995,2,Rose & Johnson 1995,2,Rose & Johnson 1995
13,Potoroidae,Bettongia,lesueur,1300,Burbidge 1995a,21,Tyndale-Biscoe 1968,_,_,1,Tyndale-Biscoe 1968,_,_,_,_,165,Tyndale-Biscoe 1968,_,_,_,_,117,Burbidge 1995a,_,_,150,Burbidge 1995a,280,Tyndale-Biscoe 1968,225,Short & Turner 1999,10,Pers. comm. J. Short,_,_,0.317,Tyndale-Biscoe 1968,_,_,200,Tyndale-Biscoe 1968,230,Lee & Ward 1989,_,_,500,Lee & Ward 1989,400,Short & Turner 1999,_,_,875,Short & Turner 1999,4,Burbidge 1995a,_,1.1,Short & Turner 1999,1.1,Burbidge 1995a,_,_,0.17,Short & Turner 1993,_,_,_,_,252,Short & Turner 1999,2,Burbidge 1995a,1,Burbidge 1995a,2,Seebeck et al. 1989
14,Potoroidae,Bettongia,penicillata,1300,Christensen 1995a,21,Smith 1989,_,_,1,Smith 1989,_,_,_,_,150,Delroy et al. 1986,_,_,_,_,102,Christensen 1980,_,_,170,Delroy et al. 1986,175,Christensen 1995a,_,_,6,Christensen 1995a,_,_,0.29,Lee & Ward 1989,_,_,220,Delroy et al. 1986,300,Pers. comm. J. Courtenay,_,_,500,Delroy et al. 1986,_,_,_,_,_,_,4,Christensen 1980,_,1.1,Christensen 1980,_,_,_,_,0.45,Christensen 1980,0.07,Sampson 1971,_,_,1600,AUSLIG 1980,2,Christensen 1995a,2,Christensen 1980,2,Christensen 1980
15,Potoroidae,Bettongia,tropica,1200,Winter & Johnson 1995,18,Winter & Johnson 1995,21,Smith 1998,1,Winter & Johnson 1995,_,_,_,_,150,Winter & Johnson 1995,_,_,_,_,105,Smith 1998,_,_,301,Smith 1998,_,_,_,_,7,Smith 1998,_,_,_,_,_,_,200,pers. comm. L. Pope & K. Vernes,_,_,_,_,_,_,_,_,_,_,1100,Smith 1998,4,Johnson & McIlwee 1997,_,1,Winter & Johnson 1995,_,_,_,_,0.2,pers. comm. L. Pope,_,_,_,_,1275,AUSLIG 1980,2,Winter & Johnson 1995,2,Winter & Johnson 1995,2,Winter & Johnson 1995
16,Burramyidae,Burramys,parvus,42,Broome 1995,14.5,Broome 1995,15,Kerle 1984,3.6,Mansergh & Scottss 1990,_,_,_,_,71,Mansergh & Scottss 1990,70,Tyndale-Biscoe 1984,60,Kerle 1984,365,Broome 1995,_,_,345,Mansergh & Scotts 1990,720,Tyndale-Biscoe 1984,_,_,12,Broome 1995,11,Mansergh & Scotts 1990,_,_,_,_,4.5,Mansergh & Broome 1994,4,Mansergh & Scottss 1990,_,_,16,Mansergh & Broome 1994,18,Mansergh & Scottss 1990,_,_,_,_,3,Mansergh & Broome 1994,Mansergh et al. 1990,1,Mansergh & Broome 1994,_,_,_,_,61.25,Broome 1995,_,_,_,_,2000,AUSLIG 1980,2,Broome 1995,2,Broome 1995,2,Mansergh & Scott 1990
17,Caenolestidae,Caenolestes,fuliginosus,35,Kirsch & Waller 1979,_,_,_,_,3.75,Kirsch & Waller 1979,_,_,_,_,_,_,_,_,_,_,_,_,_,_,_,_,_,_,_,_,_,_,_,_,_,_,_,_,_,_,_,_,_,_,_,_,_,_,_,_,_,_,3,Kirsch & Waller 1979.,Hunsaker 1977,1,Kirsch & Waller 1979,_,_,_,_,_,_,_,_,_,_,_,_,2,Kirsch & Waller 1979,_,_,_,Kirsch & Waller 1979
18,Potoroidae,Caloprymnus,campestris,890,Smith 1995c,_,_,_,_,1,Smith 1995c,_,_,_,_,_,_,_,_,_,_,_,_,_,_,_,_,_,_,_,_,_,_,_,_,_,_,_,_,_,_,_,_,_,_,_,_,_,_,_,_,_,_,_,_,_,1,Smith 1995c,_,_,_,_,_,_,_,_,_,_,150,AUSLIG 1980,2,Smith 1995c,2,Smith 1995c,2,Smith 1995c
19,Didelphidae,Caluromys,derbianus,308,Bergallo & Cerqueira 1994,_,_,_,_,3,Collins 1973,3,Hunsaker 1977,3.3,Bergallo & Cerqueira 1994,_,_,_,_,_,_,_,_,_,_,240,Collins 1973,_,_,_,_,5,Collins 1973,_,_,_,_,_,_,_,_,_,_,_,_,_,_,_,_,_,_,_,_,2,Hunsaker 1977,_,1,Bergallo & Cerqueira 1994,_,_,_,_,_,_,_,_,_,_,_,_,_,_,_,_,_,_
20,Didelphidae,Caluromys.,philander,187,Silva & Downing 1995,24,Perret & Ben M'Barek 1991,_,_,4.1,Charles-Dominique et al. 1983,4.17,Atramentowicz 1995,4.5,Julien-Laferriere & Atramentowicz 1990,120,Atramentowicz 1995,_,_,_,_,150,Charles-Dominique et al. 1983,183,Atramentowicz 1995,285,Charles-Dominique et al. 1983,270,Julien-Laferriere & Atramentowicz 1990,_,_,4,Eisenberg 1988,_,_,_,_,_,_,23,Atramentowicz 1993,_,_,_,_,56,Atramentowicz 1993,_,_,_,_,_,_,2,Leite et al. 1996.,Julien-Laferriere & Atramentowicz 1990,1,Emmons & Feer 1997,_,_,_,_,0.51,Julien-Laferriere 1995,1.43,Atramentowicz 1995,_,_,3000,Julien-Laferriere & Atramentowicz 1990,2,Emmons & Feer 1997,1,Emmons & Feer 1997,1,Emmons & Feer 1997
21,Burramyidae,Cercartetus,caudatus,30,Atherton & Haffenden 1995,_,_,_,_,3,Atherton & Haffenden 1995,2.7,Dwyer 1977,_,_,77,Atherton & Haffenden 1982,_,_,_,_,183,Atherton & Haffenden 1995,_,_,460,Atherton & Haffenden 1982,_,_,_,_,3.2,Atherton & Haffenden 1982,_,_,_,_,_,_,6,Atherton & Haffenden 1995,7,Dwyer 1977,_,_,12,Dwyer 1977,_,_,_,_,_,_,3,Atherton & Haffenden 1995,_,1,Atherton & Haffenden 1995,_,_,_,_,0.5,Rudd & Stevens 1996,_,_,_,_,1800,AUSLIG 1980,2,Atherton & Haffenden 1995,1,Atherton & Haffenden 1995,1,Atherton & Haffenden 1982
22,Burramyidae,Cercartetus,concinnus,13,Smith 1995d,59,Tyndale-Biscoe 1984,_,_,4.6,Ward 1990c,_,_,_,_,50,Smith 1995d,_,_,_,_,122,Smith 1995d,_,_,_,_,_,_,_,_,_,_,_,_,0.012,Tyndale-Biscoe 1984,_,_,_,_,_,_,_,_,_,_,_,_,_,_,_,_,2,Smith 1995d,_,1,Smith 1995d,_,_,_,_,_,_,_,_,_,_,450,AUSLIG 1980,2,Smith 1995d,1,Smith 1995d,1,Smith 1995d
23,Burramyidae,Cercartetus,lepidus,7,Green 1995,_,_,_,_,3.33,Ward 1992,_,_,_,_,90,Green 1995,_,_,_,_,365,Green 1995,_,_,_,_,_,_,_,_,_,_,_,_,_,_,_,_,_,_,_,_,_,_,_,_,_,_,_,_,_,_,3,Green 1995,_,1,Green 1995,_,_,_,_,_,_,_,_,_,_,500,AUSLIG 1980,2,Green 1995,2,Green 1995,2,Green 1995
24,Burramyidae,Cercartetus,nanus,24,Turner & Ward 1995,_,_,_,_,3.8,Ward 1990a,_,_,_,_,65,Ward 1990a,_,_,_,_,183,Turner & Ward 1995,_,_,135,Turner & Ward 1995,_,_,_,_,8,Turner & Ward 1995,5.7,Collins 1973,0.0198,Ward 1990a,_,_,3.5,Ward 1990a,_,_,_,_,12.5,Ward 1990a,_,_,_,_,20,Ward 1990a,2,Turner & Ward 1995,Huang et al. 1987,1,Turner & Ward 1995,_,_,_,_,20,Turner & McKay 1989,3.11,Laidlaw & Wilson 1996,_,_,1000,AUSLIG 1980,2,Turner & Ward 1995,1,Turner & Ward 1995,1,Ward 1990a
25,Peramelidae,Chaeropus,ecaudatus,200,Johnson & Burbidge 1995,_,_,_,_,2,Johnson & Burbidge 1995,_,_,_,_,_,_,_,_,_,_,_,_,_,_,_,_,_,_,_,_,_,_,_,_,_,_,_,_,_,_,_,_,_,_,_,_,_,_,_,_,_,_,_,_,_,_,_,_,_,_,_,_,_,_,_,_,_,150,AUSLIG 1980,2,Johnson & Burbidge 1995,2,Johnson & Burbidge 1995,2,Johnson & Burbidge1995
26,Didelphidae,Cheironectes,minimus,950,Silva & Downing 1995,_,_,_,_,2.5,Collins 1973,3.5,Hunsaker 1977,4.7,Rosenthal 1972,_,_,_,_,_,_,365,Hunsaker 1977,_,_,_,_,_,_,_,_,3,Collins 1973,2,Hunsaker 1977,_,_,_,_,70,Rosenthal 1972,_,_,_,_,_,_,_,_,_,_,_,_,3,Collins 1973,_,1,Emmons & Feer 1997,_,_,_,_,_,_,_,_,_,_,_,_,2,Emmons & Feer 1997,1,Collins 1973,2,Collins 1973
27,Petauridae,Dactylopsila,palpator,320,Flannery 1990,_,_,_,_,1,Flannery 1990,_,_,_,_,_,_,_,_,_,_,_,_,_,_,_,_,_,_,_,_,_,_,_,_,_,_,_,_,_,_,_,_,_,_,_,_,_,_,_,_,_,_,3,Flannery 1990,_,1,Flannery 1990,_,_,_,_,_,_,_,_,_,_,_,_,_,_,1,Flannery 1990,1,Flannery 1990
28,Petauridae,Dactylopsila,trivirgata,423,Van Dyck 1995c,_,_,_,_,2,Van Dyck 1995c,1.5,Van Dyck 1979a,_,_,_,_,_,_,_,_,365,Van Dyck 1995c,_,_,_,_,_,_,_,_,_,_,_,_,_,_,_,_,_,_,_,_,_,_,_,_,_,_,_,_,_,_,3,Van Dyck 1995c.,Handasyde & Martin 1996,1,Van Dyck 1995c,_,_,_,_,0.04,pers. comm. S. Burnett,_,_,_,_,2000,AUSLIG 1980,2,Van Dyck 1995c,1,Van Dyck 1995c,1,Handasyde & Martin 1996
29,Dasyuridae,Dasycercus,cristicauda,95,Woolley 1995b,39,Woolley 1995b,30,Mitchener 1969,5.9,Gibson & Cole 1992,_,_,_,_,105,Woolley 1995b,110,Mitchener 1969,_,_,365,Woolley 1995b,_,_,315,Woolley 1995b,_,_,_,_,7,Woolley 1995b,_,_,_,_,_,_,_,_,_,_,_,_,20,Mitchener 1969,_,_,_,_,_,_,3,Woolley 1995b.,Chen et al. 1998,1,Woolley 1995b,_,_,_,_,_,_,_,_,_,_,175,AUSLIG 1980,2,Woolley 1995b,1,Woolley 1995b,2,Gibson & Cole 1992
30,Dasyuridae,Dasykaluta,rosamondae,30,Woolley 1995a,50,Woolley 1995a,_,_,6.3,Woolley 1992,_,_,_,_,113,Woolley 1995a,_,_,_,_,365,Woolley 1995a,_,_,300,Woolley 1992,_,_,_,_,3,Woolley 1992,_,_,_,_,_,_,1.8,Woolley 1992,_,_,_,_,8.2,Woolley 1992,_,_,_,_,_,_,3,Woolley 1995a,_,1,Woolley 1995a,_,_,_,_,_,_,_,_,_,_,300,AUSLIG 1980,2,Woolley 1995a,2,Woolley 1995a,2,Woolley 1995a
31,Dasyuridae,Dasyuroides,byrnei,100,Aslin & Lim 1995,33,Aslin & Lim 1995,35,Ganslosser & Meissner 1984,4.3,Ganslosser & Meissner 1985,_,_,_,_,110,Aslin & Lim 1995,126,Ganslosser & Meissner 1985,_,_,182,Aslin & Lim 1995,_,_,270,Aslin & Lim 1995,300,Ganslosser & Meissner 1985,_,_,7,Collins 1973,_,_,_,_,_,_,_,_,_,_,_,_,_,_,_,_,_,_,_,_,3,Aslin & Lim 1995,_,1,Aslin & Lim 1995,_,_,_,_,_,_,_,_,_,_,125,AUSLIG 1980,2,Aslin & Lim 1995,1,Aslin & Lim 1995,2,Aslin & Lim 1995
32,Dasyuridae,Dasyurus,geoffroii,890,Serena & Soderquist 1988,16,Soderquist & Serena 1990,_,_,6,Serena & Soderquist 1995,_,_,_,_,160,Serena & Soderquist 1995,155,Soderquist 1995,_,_,365,Serena & Soderquist 1995,_,_,365,Serena & Soderquist 1995,_,_,_,_,5,Serena & Soderquist 1995,_,_,0.011,Serena & Soderquist 1988,_,_,17,Serena & Soderquist 1988,_,_,_,_,_,_,_,_,_,_,_,_,3,Serena & Soderquist 1995.,Soderquist & Serena 1994,1,Soderquist & Serena 1989a,_,_,_,_,0.023,Serena & Soderquist 1989a,_,_,_,_,1200,Serena & Soderquist 1989a,2,Serena & Soderquist 1995,2,Serena & Soderquist 1995,2,Serena & Soderquist 1989b
33,Dasyuridae,Dasyurus,hallacatus,400,Braithwaite & Begg 1995,_,_,_,_,6.4,Begg 1981b,6.7,Braithwaite & Griffiths 1993,6.1,Schmitt et al. 1989,150,Braithwaite & Begg 1995,135,Begg 1981,_,_,365,Begg 1981b,_,_,330,Begg 1981b,_,_,_,_,2.9,Begg 1981b,2.5,Braithwaite & Griffiths 1994,_,_,_,_,_,_,_,_,_,_,100,Begg 1981b,100,Braithwaite & Griffiths 1994,_,_,350,Begg 1981b,3,Braithwaite & Begg 1995,_,1,Begg 1981b,_,_,_,_,0.33,Braithwaite & Griffiths 1994,0.08,Braithwaite & Griffiths 1994,_,_,1400,AUSLIG 1980,2,Schmitt et al. 1989,2,Braithwaite & Begg 1995,2,Braithwaite & Begg 1995
34,Dasyuridae,Dasyurus,viverrinus,880,Godsell 1995,21,Edgar & Belcher 1995,20,Bryant 1988,6,Godsell 1995,_,_,_,_,140,Godsell 1995,171,Merchant et al. 1984,165,Bryant 1988,365,Godsell 1995,_,_,365,Collins 1973,_,_,_,_,4,Bryant 1988,_,_,0.125,Hill & Hill 1955,_,_,20,Godsell 1995,28,Green et al. 1997,_,_,500,Bryant 1988,_,_,_,_,_,_,3,Godsell 1995.,Blackhall 1980,1,Godsell 1995,_,_,_,_,0.19,Godsell 1982,_,_,_,_,1000,AUSLIG 1980,2,Godsell 1995,2,Godsell 1995,2,Godsell 1995
35,Dasyuridae,Dasyurus.,maculatus,4000,Edgar & Belcher 1995,21,Godsell 1995,_,_,5,Edgar & Belcher 1995,5.5,Green & Scarborough 1990,_,_,324,Edgar & Belcher 1995,133,Conway 1988,135,Green & Scarborough 1990,365,Edgar & Belcher 1995,_,_,365,Edgar & Belcher 1995,_,_,_,_,5,Conway 1988,_,_,_,_,_,_,_,_,_,_,_,_,700,Conway 1988,_,_,_,_,2000,Conway 1988,3,Belcher 1995,_,1,Settle 1978,_,_,_,_,0.035,pers obs. C.N. Johnson,_,_,_,_,1200,AUSLIG 1980,2,Edgar & Belcher 1995,2,Edgar & Belcher 1995,2,Edgar & Belcher 1995
36,Macropodidae,Dendrolagus,bennettianus,9300,Martin & Johnson 1995,_,_,_,_,1,Martin & Johnson 1995,_,_,_,_,720,Martin & Johnson 1995,_,_,_,_,365,Martin 1992,_,_,_,_,_,_,_,_,20,Flannery et al. 1996,_,_,_,_,_,_,2900,Martin 1992,_,_,_,_,_,_,_,_,_,_,_,_,1,Martin 1992,_,1,Martin & Johnson 1995,_,_,_,_,0.25,Martin 1992,0.3,Martin & Johnson 1995,_,_,1983,Martin 1992,2,Martin 1992,2,Martin & Johnson 1995,1,Martin & Johnson 1995
37,Macropodidae,Dendrolagus,dorianus,8800,Flannery et al. 1996,_,_,_,_,1,Flannery et al. 1996,_,_,_,_,600,George 1982,_,_,_,_,_,_,_,_,_,_,_,_,_,_,_,_,_,_,_,_,_,_,_,_,_,_,_,_,_,_,_,_,_,_,_,_,1,Flannery et al. 1996,_,_,_,_,_,_,_,_,_,_,_,_,_,4470,McAlpine et al. 1975.,1,Flannery et al. 1996,2,Flannery et al. 1996,1,Flannery et al. 1996
38,Macropodidae,Dendrolagus,goodfellowi,7400,Flannery et al. 1996,45,Hume et al. 1989,_,_,1,Flannery et al. 1996,_,_,_,_,360,Flannery et al. 1996,_,_,_,_,_,_,_,_,_,_,_,_,_,_,18,Flannery et al. 1996,_,_,_,_,_,_,_,_,_,_,_,_,_,_,_,_,_,_,_,_,1,Flannery et al. 1996,_,_,_,_,_,_,_,_,_,_,_,_,_,4470,McAlpine et al. 1975.,1,Flannery et al. 1996,2,Flannery et al. 1996,1,Flannery et al. 1996
39,Macropodidae,Dendrolagus,inustus,11400,Flannery et al. 1996,_,_,_,_,1,Flannery et al. 1996,_,_,_,_,540,Flannery et al. 1996,_,_,_,_,_,_,_,_,510,Flannery et al. 1996,_,_,_,_,20,Flannery et al. 1996,_,_,_,_,_,_,1800,Turner 1977,_,_,_,_,_,_,_,_,_,_,_,_,1,_,_,_,_,_,_,_,_,_,_,_,_,_,_,3522,McAlpine et al. 1975.,1,Flannery et al. 1996,2,Flannery et al. 1996,1,Flannery et al. 1996
40,Macropodidae,Dendrolagus,lumholtzi,6475,Johnson 1995d & Newell 1999,_,_,_,_,1,Johnson 1995d,_,_,_,_,650,Proctor-Gray 1990,450,Flannery et al. 1996,_,_,435,Proctor-Gray 1985,_,_,720,Proctor-Gray 1985,_,_,_,_,_,_,_,_,_,_,_,_,1300,pers. comm. P. Johnson.,_,_,_,_,_,_,_,_,_,_,_,_,1,Proctor-Gray 1990,_,1.1,Proctor-Gray 1985,_,_,_,_,0.75,Proctor-Gray 1985,1.8,Newell 1999,_,_,1400,Newell 1999,2,Johnson 1995d,2,Johnson 1995d,1,Newell 1999
41,Macropodidae,Dendrolagus,matschiei,9200,Flannery et al. 1996,44,Dabek 1994,_,_,1,Dabek 1994,_,_,_,_,500,Dabek 1994,_,_,_,_,410,Olds & Collins 1973,_,_,960,Dabek 1994,730,Martin 1992,_,_,20,Turner 1977,_,_,_,_,_,_,_,_,_,_,_,_,_,_,_,_,_,_,_,_,1,_,_,1,Flannery et al. 1996,_,_,_,_,_,_,_,_,_,_,4469,McAlpine et al. 1975.,1,Flannery et al. 1996,2,Flannery et al. 1996,1,Flannery et al. 1996
42,Didelphidae,Didelphis,albiventris,825,Cerqueira 1984,12,Tyndale-Biscoe & Mackenzie 1976,_,_,4.2,Tyndale-Biscoe & Mackenzie 1976,6.2,Streilein 1982,6.9,Regidor & Gorostiague 1996,130,Streilein 1982,105,Regidor & Gorostiague 1996,_,_,260,Regidor & Gorostiague 1996,_,_,225,Regidor & Gorostiague 1996,_,_,_,_,1.7,Regidor & Gorostiague 1996,_,_,_,_,_,_,_,_,_,_,_,_,_,_,_,_,_,_,200,Cerqueira 1984,2,Streilein 1982,_,1,Tyndale-Biscoe & Mackenzie 1976,_,_,_,_,4,Mares & Ernest 1995,_,_,_,_,1200,Tyndale-Biscoe & Mackenzie 1976,2,Emmons & Feer 1997,2,Streilein 1982,2,_
43,Didelphidae,Didelphis,aurita,850,Leite et al. 1996,_,_,_,_,5.5,Bergallo & Cerqueira 1994,6.8,Cerqueira & Gentile 1993,_,_,100,Gentile et al. 1995,_,_,_,_,_,_,_,_,170,Gentile et al. 1995,_,_,_,_,_,_,_,_,_,_,_,_,_,_,_,_,_,_,_,_,_,_,_,_,_,_,3,Leite et al. 1996,_,1,Cerqueira & Gentile 1993,_,_,_,_,0.4,Cerqueira & Gentile 1993,_,_,_,_,_,_,_,_,_,_,_,_
44,Didelphidae,Didelphis,marsupialis,1530,Silva & Downing 1995,_,_,_,_,5.5,Tyndale-Biscoe & Mackenzie 1976,6,Fleming 1973,6.5,Hunsaker 1977,100,Tyndale-Biscoe & Mackenzie 1976,90,Julien-Laferriere & Atramentowicz 1990,93,Sunquist & Eisenberg 1993,200,Sunquist & Eisenberg 1993,_,_,185,Hunsaker 1977,172,Sunquist & Eisenberg 1993,_,_,2,Sunquist et al. 1987,2.7,Sunquist & Eisenberg 1993,_,_,_,_,_,_,_,_,_,_,100,Tyndale-Biscoe & Mackenzie 1976,92,Sunquist & Eisenberg 1993,_,_,1400,Sunquist & Eisenberg 1993,2,Cordero & Nicolas 1987,_,1,Emmons & Feer 1997,_,_,_,_,1.32,Fleming 1972,2,Sunquist et al. 1987,_,_,3000,Julien-Laferriere & Atramentowicz 1990,2,Emmons & Feer 1997,1,Emmons & Feer 1997,1,Emmons & Feer 1997
45,Didelphidae,Didelphis,virginiana,1800,Edmunds & Goertz 1978,13,Harder et al. 1993,_,_,8.7,Harder et al. 1993,6.8,Edmunds & Goertz 1978,7.5,Hunsaker 1977,100,Collins 1973,100,Harder et al. 1993,94,Sunquist & Eisenberg 1993,110,Hunsaker 1977,183,Edmunds & Goertz 1978,186,Collins 1973,240,Collins 1973,245,Sunquist & Eisenberg 1993,3,Hunsaker 1977,2.7,Sunquist & Eisenberg 1993,0.013,Hartman 1928,_,_,20,Hunsaker 1977,_,_,_,_,125,Hunsaker 1977,103,Sunquist & Eisenberg 1993,_,_,1560,Sunquist & Eisenberg 1993,2,Hamilton 1951,_,1,Emmons & Feer 1997,_,_,_,_,0.27,Hunsaker 1977,_,_,_,_,1300,Sunquist & Eisenberg 1993,2,Emmons & Feer 1997,1,Emmons & Feer 1997,1,Emmons & Feer 1997
46,Acrobatidae,Distoechurus,pennatus,50,Flannery 1990,_,_,_,_,1.4,Flannery 1990,_,_,_,_,_,_,_,_,_,_,_,_,_,_,_,_,_,_,_,_,2,Collins 1973,_,_,_,_,_,_,_,_,_,_,_,_,_,_,_,_,_,_,_,_,2,Flannery 1990,_,1,Flannery 1990,_,_,_,_,_,_,_,_,_,_,_,_,_,_,1,Flannery 1990,1,Flannery 1990
47,Macropodidae,Dorcopsis,luctuosa,3570,Flannery 1990,_,_,_,_,1,Bourke 1989,_,_,_,_,_,_,_,_,_,_,191,Menzies & Bourke 1989,_,_,450,Menzies 1991,_,_,_,_,8,Menzies & Bourke 1989,_,_,_,_,_,_,_,_,_,_,_,_,_,_,_,_,_,_,_,_,1,Menzies 1991,_,_,_,_,_,_,_,_,_,_,_,_,_,1050,McAlpine et al. 1975.,1,Menzies 1991,3,Flannery 1990,2,Flannery 1990
48,Macropodidae,Dorcopsis,muelleri,5000,Flannery 1990,_,_,_,_,1,Flannery 1990,_,_,_,_,270,Flannery 1990,_,_,_,_,_,_,_,_,_,_,_,_,_,_,5,Flannery 1990,_,_,_,_,_,_,_,_,_,_,_,_,_,_,_,_,_,_,_,_,1,Flannery 1990,_,_,_,_,_,_,_,_,_,_,_,_,_,4775,McAlpine et al. 1975.,_,_,3,Flannery 1990,2,Flannery 1990
49,Microbiotheriidae,Dromiciops,gliroides,24,Hershkovitz 1999,_,_,_,_,4,Hershkovitz 1999,2.5,Eisenberg 1988,_,_,_,_,_,_,_,_,365,Hunsaker 1977,_,_,365,Hershkovitz 1999,_,_,_,_,3,Hershkovitz 1999,_,_,_,_,_,_,_,_,_,_,_,_,_,_,_,_,_,_,_,_,3,Meserve et al. 1988,_,1,Hershkovitz 1999,_,_,_,_,0.5,Redford & Eisenberg 1992,_,_,_,_,_,_,_,_,1,Hershkovitz 1999,1,Hershkovitz 1999
50,Peroryctidae,Echymipera.,kalubu,600,Flannery 1990,_,_,_,_,3,Anderson et al. 1988,_,_,_,_,_,_,_,_,_,_,120,Anderson et al. 1988,_,_,_,_,_,_,_,_,_,_,_,_,_,_,_,_,_,_,_,_,_,_,_,_,_,_,_,_,450,Anderson et al. 1988,3,Flannery 1990,_,1,Collins 1973,_,_,_,_,_,_,_,_,_,_,_,_,_,_,2,Anderson et al. 1988,2,Anderson et al. 1988
51,Petauridae,Gymnobelideus,leadbeateri,133,Smith 1995a,17,Smith 1995b,_,_,1.6,Smith 1995b,1.4,Booth 1995,_,_,111,Smith 1995a,120,Tyndale-Biscoe 1984,_,_,183,Smith 1995a,_,_,365,Booth 1995,540,Tyndale-Biscoe 1984,_,_,8,Smith 1995b,11,Smith & Lee 1984,_,_,_,_,_,_,_,_,_,_,34,Smith 1995b,42,Smith & Lee 1984,_,_,_,_,3,Smith 1995a,_,8,Smith 1995a,_,_,_,_,2.9,Smith 1995b,2.3,Smith 1984a,_,_,1600,AUSLIG 1980,2,Smith 1995a,1,Smith 1995a,1,Smith 1984a
52,Pseudocheiridae,Hemibelideus,lemuroides,925,Winter & Goudberg 1995c,_,_,_,_,1,Winter & Goudberg 1995c,_,_,_,_,_,_,_,_,_,_,365,Winter & Goudberg 1995c,_,_,_,_,_,_,_,_,_,_,_,_,_,_,_,_,_,_,_,_,_,_,_,_,_,_,_,_,_,_,1,Winter & Goudberg 1995c,_,2.5,Winter & Goudberg 1995c,1.37,Winter & Atherton 1984,_,_,7,pers. comm. J. Winter,_,_,_,_,2400,AUSLIG 1980,2,Winter & Goudberg 1995c,1,Winter & Goudberg 1995c,1,Winter & Goudberg 1995c
53,Potoroidae,Hypsiprymnodon,moschatus,511,Dennis & Johnson 1995a,_,_,_,_,2.1,Dennis & Marsh 1997,_,_,_,_,270,Dennis & Marsh 1997,_,_,_,_,365,Dennis & Marsh 1997,_,_,635,Dennis & Marsh 1997,365,Johnson & Strahan 1982,_,_,6,Dennis 1997,_,_,_,_,_,_,145,Dennis & Marsh 1997,_,_,_,_,250,Dennis & Marsh 1997,_,_,_,_,500,Dennis & Marsh 1997,2,Dennis & Marsh 1997,_,1,Dennis & Johnson 1995a,_,_,_,_,2.4,Dennis 1997,_,_,_,_,3187,Dennis & Marsh 1997,1,Dennis & Johnson 1995a,2,Dennis & Johnson 1995a,2,Dennis & Johnson 1995a
54,Peramelidae,Isoodon,auratus,485,McKenzie et al. 1995,_,_,_,_,2.6,Southgate et al. 1996,_,_,_,_,_,_,_,_,_,_,_,_,_,_,_,_,_,_,_,_,_,_,_,_,_,_,_,_,_,_,_,_,_,_,_,_,_,_,_,_,_,_,3,McKenzie et al. 1995.,Southgate et al. 1996,1,Southgate et al. 1996,_,_,_,_,10,McKenzie et al. 1995,_,_,_,_,330,Withers 1993,2,McKenzie et al. 1995,3,McKenzie et al. 1995,2,Southgate et al. 1996
55,Peramelidae,Isoodon,macrourus,1100,Gordon 1995,12.5,Gordon 1995,12.5,Lyne 1964,2.9,Hall 1983,3.4,Gordon 1974,3.6,Gemmell et al. 1984,60,Gordon 1995,60,Gemmell 1982,_,_,121.7,Gordon 1971,_,_,105,Gordon 1995,170,Gordon 1971,241,Gemmell 1986,2.1,Gemmell 1990,_,_,0.18,MacKerras & Smith 1960,_,_,70,Hall 1990,_,_,_,_,150,Hall 1990,150,MacKerras & Smith 1960,_,_,734,Gemmell 1986,3,Gordon 1995,_,1,Hall 1983,1,Gordon 1974,_,_,0.7,Friend 1990,_,_,_,_,1300,Gordon 1971,2,Gordon 1995,2,Gordon 1995,2,Gordon 1995
56,Peramelidae,Isoodon,obesulus,700,Braithwaite 1995,_,_,_,_,2.8,Heinsohn 1966,2.33,Lyne 1964,3.05,Mallick et al. 1998b,65,Braithwaite 1995,60,Lobert & Lee 1990,_,_,140,Stoddart & Braithwaite 1979,_,_,210,Lobert & Lee 1990,_,_,_,_,3.5,Lobert & Lee 1990,3.75,Mallick et al. 1998b,0.35,Heinsohn 1966,_,_,_,_,_,_,_,_,125,Lobert & Lee 1990,_,_,_,_,560,Heinsohn 1966,3,Braithwaite 1995.,Mallick et al. 1998a,1,Braithwaite 1995,_,_,_,_,3,Lobert & Lee 1990,0.35,Mallick et al. 1998b,2.1,Stoddart & Braithwaite 1979,800,Lobert & Lee 1990,1,Lobert & Lee 1990,2,Braithwaite 1995b,2,Braithwaite 1995b
57,Macropodidae,Lagorchestes,conspicillatus,3000,Burbidge & Johnson 1995,30,Johnson & Lyon 1985,_,_,1,Johnson 1993,_,_,_,_,204,Johnson 1993,_,_,_,_,153,Johnson 1993,_,_,363,Johnson 1993,_,_,_,_,6,McCosker 1998.,5,Lavery & Kirkpatrick 1985,_,_,_,_,950,McCosker 1998,_,_,_,_,_,_,_,_,_,_,_,_,1,Ingleby & Westoby 1992,_,1,McCosker 1998,_,_,_,_,0.42,Burbidge & Johnson 1995,_,_,_,_,500,AUSLIG 1980,2,Johnson & Lyon 1985,3,Johnson & Lyon 1985,2,Burbidge & Johnson 1995
58,Macropodidae,Lagorchestes,hirsutus,1310,Johnson & Burbidge 1995,_,_,_,_,1,Johnson & Burbidge 1995,_,_,_,_,150,Lundie-Jenkins 1993a,_,_,_,_,125,Lundie-Jenkins 1993a,_,_,315,Lundie-Jenkins 1993a,345,Johnson & Burbidge 1995,_,_,8,Pers. comm. J. Courtenay,_,_,_,_,_,_,500,Pers. comm. J. Courtenay,320,Lundie-Jenkins 1993a,_,_,1000,Lundie-Jenkins 1993a,_,_,_,_,1300,Lundie-Jenkins 1993a,1,Lundie-Jenkins et al. 1993,_,1,Johnson & Burbidge 1995,_,_,_,_,0.07,Lundie-Jenkins 1998,0.47,Short & Turner 1992,_,_,150,AUSLIG 1980,2,Lundie-Jenkins 1993b,3,Johnson & Burbidge 1995,2,Johnson & Burbidge1995
59,Macropodidae,Lagostrophus,fasciatus,1800,Prince 1995,_,_,_,_,1,Prince 1995,_,_,_,_,270,Prince 1995,_,_,_,_,365,Prince 1995,_,_,365,Prince 1995,_,_,_,_,4,Hughes 1965,_,_,_,_,_,_,360,Pers. comm. J. Courtenay,330,Tyndale-Biscoe 1965,_,_,900,Tyndale-Biscoe 1965,_,_,_,_,1000,Tyndale-Biscoe 1965,1,Prince 1995,_,1,Prince 1995,_,_,_,_,0.88,Short & Turner 1992,_,_,_,_,200,AUSLIG 1980,2,Prince 1995,3,Prince 1995,2,Prince 1995
60,Vombatidae,Lasiorhinus,krefftii,31000,Johnson & Gordon 1995,_,_,_,_,1,Johnson & Gordon 1995,_,_,_,_,365,Hoyle et al. 1998,_,_,_,_,548,Johnson & Gordon 1995,_,_,_,_,_,_,_,_,27,Hoyle et al. 1998,_,_,_,_,_,_,_,_,_,_,_,_,_,_,_,_,_,_,_,_,1,Johnson & Gordon 1995,_,1,Johnson 1991,_,_,_,_,0.22,Crossman et al. 1994,_,_,_,_,576,Johnson 1991,2,Johnson & Gordon 1995,1,Johnson & Gordon 1995,2,Johnson 1991
61,Vombatidae,Lasiorhinus,latifrons,26000,Wells 1995,21,Gaughwin 1982,_,_,1,Wells 1995,_,_,_,_,365,Wells 1995,270,Wells 1978,365,Gaughwin 1982,365,Wells 1995,_,_,1095,Wells 1995,540,Gaughwin 1982,_,_,20,Wells 1995,17,Collins 1973,0.5,Gaughwin 1982,_,_,2000,Wells 1978,4000,Gaughwin 1982,_,_,7500,Gaughwin 1982,_,_,_,_,20000,Gaughwin 1982,1,Wells 1995,_,1,Wells 1995,_,_,_,_,4.8,Wells 1978,0.68,Tartowski et al. 1998,_,_,300,AUSLIG 1980,2,Wells 1995,1,Wells 1995,2,Wells 1995
62,Macropodidae,Macropus,agilis,11000,Merchant 1995a,29,Merchant 1976,_,_,1,Merchant 1976,_,_,_,_,330,Bolton 1974,322,Merchant 1976,_,_,220,Merchant 1976,_,_,405,Kirkpatrick & Johnson 1969,357,Merchant 1976,_,_,12,Kirkpatrick & Johnson 1969,_,_,0.69,Merchant 1976,_,_,2287,Merchant 1976,_,_,_,_,_,_,_,_,_,_,_,_,1,Merchant 1995a.,Dressen 1993,2.5,Dressen 1993,_,_,_,_,0.16,Dressen 1993,0.2,Bell 1973,_,_,1200,AUSLIG 1980,2,Dressen 1993,3,Bolton 1974,2,Merchant 1995a
63,Macropodidae,Macropus,antilopinus,17500,Calaby 1995b,34,Calaby 1995b,_,_,1,Calaby 1995b,_,_,_,_,426,Poole & Merchant 1987,_,_,_,_,270,Calaby 1995b,_,_,802,Poole & Merchant 1987,_,_,_,_,_,_,_,_,0.703,Poole & Merchant 1987,_,_,_,_,_,_,_,_,_,_,_,_,_,_,_,_,1,Croft 1987,_,4.5,Croft 1982,2.2,Russell & Richardson 1971,_,_,0.25,Croft 1987,0.18,Calaby 1995b,_,_,1200,AUSLIG 1980,1,Calaby 1995b,3,Croft 1982,2,Russell & Richardson 1971
64,Macropodidae,Macropus,dorsalis,6500,Kirkpatrick 1995,34,Kirkpatrick 1995,36,Poole 1981,1,Kirkpatrick 1995,_,_,_,_,_,_,_,_,_,_,211,Kirkpatrick 1995,_,_,420,Kirkpatrick 1995,_,_,_,_,15,Kirkpatrick 1995,12,Collins 1973,_,_,_,_,1000,Hoolihan 1994,_,_,_,_,_,_,_,_,_,_,_,_,1,Dawson 1989.,Ellis et al. 1992,6,Hoolihan & Goldizen 1998,4.3,Johnson 1985,_,_,1.1,Lundie-Jenkins et al. 1998,_,_,_,_,700,AUSLIG 1980,2,Evans 1996,3,Evans 1992,2,Kirkpatrick 1995
65,Macropodidae,Macropus,eugenii,5500,Smith & Hinds 1995,29,Smith & Hinds 1995,_,_,1,Smith & Hinds 1995,_,_,_,_,350,Green et al. 1988,300,Janssens & Rogers 1989,_,_,365,Smith & Hinds 1995,_,_,270,Williams et al. 1998,_,_,_,_,14,Inns 1981,_,_,0.45,Tyndale-Biscoe & Rodger 1978.,0.37,Lee & Ward 1989,1100,Maynes 1976,1000,Russell 1989,960,Green et al. 1988,3000,Russell 1989,_,_,_,_,2000,Williams et al. 1998,1,Christensen 1980,_,1,Inns 1980,_,_,_,_,0.88,Christensen 1980,0.62,Inns 1980,_,_,500,AUSLIG 1980,2,Inns 1980,3,Smith & Hinds 1995,2,Smith & Hinds 1995
66,Macropodidae,Macropus,fuliginosus,16000,Poole 1995b,31,Poole 1995b,_,_,1,Poole 1995b,_,_,_,_,540,Poole 1975b,_,_,_,_,372,Poole 1975b,_,_,604,Poole 1976,420,Poole & Catling 1974,_,_,20,QDEH 1993,_,_,0.804,Poole 1975b,_,_,5500,Poole 1976,_,_,_,_,11000,Norbury et al. 1988,_,_,_,_,1600,Norbury et al. 1988,1,Barker 1987,_,3.1,Johnson 1983,3.2,Arnold et al. 1990,2.5,Arnold et al. 1990,0.58,Coulson 1993,0.09,Johnson & Bayliss 1981,0.56,Arnold et al. 1991,300,AUSLIG 1980,1,Arnold et al. 1990,3,Poole 1995b,2,Poole 1995b
67,Macropodidae,Macropus,giganteus,17800,Poole 1995a,36,Poole 1995a,_,_,1,Poole 1995a,_,_,_,_,500,Jarman & Southwell 1986,540,Poole 1995,537,Stuart-Dick 1987,363,Poole 1975b,_,_,660,Poole 1995a,600,Poole 1983,540,Kirkpatrick 1965,24,Kirkpatrick 1965,_,_,0.924,Poole 1975b,0.74,Lee & Ward 1989,5500,Jarman & Southwell 1986,_,_,_,_,12000,Stuart-Dick 1987,_,_,_,_,18000,Jarman & Southwell 1986,1,Jarman & Phillips 1989,_,3.5,Clarke et al. 1995,4.1,Jarman & Southwell 1986,3.7,Kaufmann 1975,0.44,Southwell 1984,0.5,Coulson 1990,0.4,Jarman & Southwell 1986,800,AUSLIG 1980,1,Clarke et al. 1995,3,Poole 1995a,2,Poole 1995a
68,Macropodidae,Macropus,irma,8000,Christensen 1995b,_,_,_,_,1,Christensen 1995b,_,_,_,_,_,_,_,_,_,_,_,_,_,_,_,_,_,_,_,_,_,_,_,_,_,_,_,_,_,_,_,_,_,_,_,_,_,_,_,_,_,_,1,Dawson 1989,_,1,Christensen 1995b,_,_,_,_,0.31,Algar 1986,0.23,Algar 1986,_,_,1000,AUSLIG 1980,1,Christensen 1995b,3,Algar 1986,2,Christensen 1995b
69,Macropodidae,Macropus,parma,3550,Maynes 1995,31,Maynes 1973,35,Maynes 1995,1,Maynes 1995,_,_,_,_,294,Maynes 1995,_,_,_,_,213,Maynes 1995,_,_,424,Maynes 1973,_,_,_,_,10,Maynes 1972,_,_,0.51,Lee & Ward 1989,_,_,754,Maynes 1976,750,Maynes 1995,_,_,1750,Russell 1982,_,_,_,_,2485,Maynes 1976,1,Maynes 1995,_,1.3,Maynes 1995,_,_,_,_,_,_,_,_,_,_,1200,AUSLIG 1980,2,Maynes 1995,3,Johnson 1977,2,Maynes 1995
70,Macropodidae,Macropus,parryi,11000,Johnson 1995e,38,Johnson 1998,_,_,1,Johnson 1995e,_,_,_,_,645,Kaufmann 1974b,450,Johnson 1995,421,Johnson 1998,266,Johnson 1998,_,_,630,Johnson 1995e,586,Johnson 1998,720,Kaufmann 1974b,14,Collins 1973,_,_,_,_,_,_,_,_,_,_,_,_,_,_,_,_,_,_,_,_,1,Jarman & Phillips 1989,_,6,Kaufmann 1974b,3.1,Bell 1973,_,_,0.48,Kaufmann 1974b,0.23,Southwell & Fletcher 1988,0.39,Southwell & Fletcher 1990,1000,AUSLIG 1980,1,Johnson 1995e,3,Johnson 1995e,2,Johnson 1995e
71,Macropodidae,Macropus,robustus,15600,Poole 1995c,34,Poole 1995c,_,_,1,Poole 1995c,_,_,_,_,409,Poole & Merchant 1987,_,_,_,_,256,Croft 1981,_,_,535,Poole & Merchant 1987,909,Ashworth 1995,630,Poole 1995c,24,Kirkpatrick 1965,_,_,0.703,Lee & Ward 1989,_,_,3000,Croft 1981,_,_,_,_,7500,Ealey 1967,_,_,_,_,12500,Croft 1981,1,Ellis et al. 1977,_,2.1,Croft 1981,1.4,Russell & Richardson 1971,1.9,Clancy & Croft 1991,0.4,Taylor 1982,0.08,Clancy & Croft 1992,0.44,Croft 1981,200,AUSLIG 1980,1,Croft 1981,2,Poole 1995c,2,Poole 1995c
72,Macropodidae,Macropus,robustus,15600,Poole 1995c,34,Poole 1995c,_,_,1,Poole 1995c,_,_,_,_,351,Poole & Merchant 1987,_,_,_,_,264,Poole & Merchant 1987,_,_,613,Poole & Merchant 1987,_,_,_,_,23,Russell & Richardson 1971,_,_,_,_,_,_,_,_,_,_,_,_,_,_,_,_,_,_,_,_,1,Poole 1995c,_,2.83,Taylor 1983,_,_,_,_,0.54,Taylor 1983,0.08,Taylor 1983,_,_,200,AUSLIG 1980,1,Poole 1995c,2,Poole 1995c,2,Poole 1995c
73,Macropodidae,Macropus,rufogriseus,13800,Calaby 1995c,27,Calaby 1995c,_,_,1,Calaby 1995c,_,_,_,_,415,Merchant & Calaby 1981,420,Calaby 1995,435,Johnson 1987b,286,Merchant & Calaby 1981,_,_,412,Merchant & Calaby 1981,420,Calaby 1995c,390,McEnvoy 1970,19,McEnvoy 1970,11,Higginbottom 1991,0.69,Merchant & Calaby 1981,0.45,Lee & Ward 1989,2300,Russell 1982,_,_,_,_,4450,Russell 1982,_,_,_,_,6500,Maynes 1976,1,Jarman & Phillips 1989,_,1.5,Kaufmann 1974,1.63,Johnson 1989a,_,_,0.48,Johnson 1989a,0.15,Coulson 1990,0.45,Southwell 1987,1200,AUSLIG 1980,1,Calaby 1995c,3,Calaby 1995c,2,Calaby 1995c
74,Macropodidae,Macropus,rufogriseus,14000,Calaby 1995c,27,Merchant & Calaby 1981,30,Calaby 1995c,1,Calaby 1995c,_,_,_,_,493,Merchant & Calaby 1981,420,Calaby 1995,_,_,365,Merchant & Calaby 1981,_,_,428,Merchant & Calaby 1981,_,_,_,_,_,_,_,_,0.48,Merchant & Calaby 1981,_,_,_,_,_,_,_,_,_,_,_,_,_,_,_,_,1,Calaby 1995c,_,1.5,Calaby 1995c,_,_,_,_,2.5,TNPWS 1984,_,_,_,_,1200,AUSLIG 1980,1,Calaby 1995c,3,Calaby 1995c,2,Calaby 1995c
75,Macropodidae,Macropus,rufus,26500,Newsome 1995,33,Newsome 1995,_,_,1,Newsome 1995,_,_,_,_,360,Sharman et al. 1964,408,Sharman & Pilton 1963,355,Sharman & Calaby 1964,241,Sharman & Pilton 1963,_,_,913,Newsome 1965,613,Sharman & Pilton 1963,510,Sharman & Calaby 1964,25,Kirkpatrick 1965,_,_,0.75,Sharman & Pilton 1963,0.82,Sharman et al. 1964,4900,Sharman & Pilton 1963,_,_,_,_,12000,Russell 1982,11000,Sharman & Pilton 1963,_,_,22000,Moss & Croft 1999,1,Ellis et al. 1977,_,2.6,Clancy & Croft 1991,2.2,Croft 1981,2.6,Johnson 1983,0.17,Bayliss 1987,0.006,Newsome 1965,0.16,Johnson & Bayliss 1981,150,AUSLIG 1980,1,Newsome 1995,3,Newsome 1995,2,Newsome 1995
76,Peramelidae,Macrotis,lagotis,1100,Johnson 1995a,14,McCracken 1990,_,_,2,Johnson 1995a,1.47,McCracken 1990,_,_,94,Johnson 1995a,127,McCracken 1986,_,_,175,Johnson 1995a,_,_,150,McCracken 1990,_,_,_,_,7.2,Collins 1973,_,_,_,_,_,_,_,_,_,_,_,_,_,_,_,_,_,_,_,_,4,Johnson 1995a.,Southgate 1990,2,Johnson 1995a,_,_,_,_,_,_,_,_,_,_,175,AUSLIG 1980,2,Johnson 1995a,1,Johnson 1995a,2,Southgate 1990
77,Peramelidae,Macrotis,leucura,311,Johnson 1995f,_,_,_,_,2,Johnson 1995f,_,_,_,_,_,_,_,_,_,_,_,_,_,_,_,_,_,_,_,_,_,_,_,_,_,_,_,_,_,_,_,_,_,_,_,_,_,_,_,_,_,_,4,Johnson 1995f,_,_,_,_,_,_,_,_,_,_,_,_,_,_,_,_,_,1,Johnson 1995f,2,Johnson 1995f
78,Didelphidae,Marmosa,canescens,40,Silva & Downing 1995,_,_,_,_,11.7,Ceballos 1990,_,_,_,_,_,_,_,_,_,_,_,_,_,_,_,_,_,_,_,_,_,_,_,_,_,_,_,_,_,_,_,_,_,_,20,Ceballos 1990,_,_,_,_,_,_,_,_,_,1,Ceballos 1990,_,_,_,_,4.5,Ceballos 1990,_,_,_,_,_,_,_,_,1,Ceballos 1990,1,Ceballos 1990
79,Didelphidae,Marmosa,murina,45,Silva & Downing 1995,_,_,_,_,8.5,Charles-Dominique et al. 1983,_,_,_,_,_,_,_,_,_,_,_,_,_,_,_,_,_,_,_,_,_,_,_,_,_,_,_,_,_,_,_,_,_,_,_,_,_,_,_,_,_,_,3,Emmons & Feer 1997,_,1,Emmons & Feer 1997,_,_,_,_,_,_,_,_,_,_,3500,Atramentowicz 1986,2,Emmons & Feer 1997,_,_,_,_
80,Didelphidae,Marmosa,robinsoni,60,Silva & Downing 1995,14,Barnes & Barthold 1969,13.5,Godfrey 1975,10,Fleming 1973,13,O’Connell 1979,8,Hunsaker 1977,65,O’Connell 1983,_,_,_,_,85,Hunsaker 1977,183,O’Connell 1983,180,Collins 1973,270,Hunsaker 1977,280,Barnes & Wolf 1971,2,Collins 1973,0.79,O’Connell 1979,0.06,Hunsaker 1977,_,_,_,_,_,_,_,_,10,Hunsaker 1977,11,Barnes & Wolf 1971,_,_,40,Collins 1973,3,Emmons & Feer 1997,_,1,Emmons & Feer 1997,_,_,_,_,2.25,Fleming 1972,4.25,O’Connell 1987,_,_,3400,Fleming 1973,2,Emmons & Feer 1997,_,_,_,_
81,Didelphidae,Metachirus,nudicaudatus,300,Harder & Fleck 1997,_,_,_,_,5,Eisenberg & Wilson 1981,3,Hunsaker 1977,_,_,_,_,_,_,_,_,365,Hunsaker 1977,_,_,_,_,_,_,_,_,2,Collins 1973,_,_,_,_,_,_,_,_,_,_,_,_,_,_,_,_,_,_,_,_,3,Emmons & Feer 1997.,Santorini et al 1996,1,Santorini et al. 1996,_,_,_,_,_,_,_,_,_,_,3000,Eisenberg & Wilson 1981,2,Emmons & Feer 1997,2,Emmons & Feer 1997,2,Emmons & Feer 1997
82,Didelphidae,Micoureus,demerarae,130,Pires & Fernandez 1999,_,_,_,_,6.3,Charles-Dominique et al. 1983,_,_,_,_,_,_,_,_,_,_,_,_,_,_,285,O’Connell 1979,_,_,_,_,_,_,_,_,_,_,_,_,_,_,_,_,_,_,_,_,_,_,_,_,_,_,3,Leite et al. 1996,_,1,Emmons & Feer 1997,_,_,_,_,1.45,Pires & Fernandez 1999,_,_,_,_,1700,Pires & Fernandez 1999,2,Emmons & Feer 1997,1,Emmons & Feer 1997,1,Leite et al. 1996
83,Peroryctidae,Microperoryctes,longicauda,600,Flannery 1990,_,_,_,_,1,Alpin & Woolley 1993,_,_,_,_,_,_,_,_,_,_,_,_,_,_,_,_,_,_,_,_,_,_,_,_,_,_,_,_,_,_,_,_,_,_,_,_,_,_,_,_,_,_,_,_,_,1,Flannery 1990,_,_,_,_,_,_,_,_,_,_,4470,McAlpine et al. 1975.,_,_,2,Flannery 1990,2,Flannery 1990
84,Peroryctidae,Microperoryctes,papuensis,144,Alpin & Woolley 1993,_,_,_,_,1,Alpin & Woolley 1993,_,_,_,_,_,_,_,_,_,_,_,_,_,_,_,_,_,_,_,_,_,_,_,_,_,_,_,_,_,_,_,_,_,_,_,_,_,_,_,_,_,_,_,_,_,1,Alpin & Woolley 1993,_,_,_,_,_,_,_,_,_,_,_,_,_,_,2,Flannery 1990,2,Flannery 1990
85,Didelphidae,Monodelphis,brevicaudata,70,Silva & Downing 1995,_,_,_,_,7,O’Connell 1979,_,_,_,_,_,_,_,_,_,_,_,_,_,_,_,_,_,_,_,_,1,O’Connell 1979,_,_,_,_,_,_,_,_,_,_,_,_,_,_,_,_,_,_,_,_,3,Emmons & Feer 1997,_,1,Emmons & Feer 1997,_,_,_,_,1,O’Connell 1987,_,_,_,_,_,_,1,Emmons & Feer 1997,_,_,_,_
86,Didelphidae,Monodelphis,dimidiata,33,Bergallo & Cerqueira 1994,_,_,_,_,12,Bergallo & Cerqueira 1994,11,Eisenberg 1988,_,_,56,Pine et al. 1985,_,_,_,_,_,_,_,_,_,_,_,_,_,_,1,Pine et al. 1985,_,_,_,_,_,_,_,_,_,_,_,_,_,_,_,_,_,_,_,_,_,_,_,_,_,_,_,_,_,_,_,_,_,_,_,_,_,_,_,_,_,_,_
87,Didelphidae,Monodelphis,domestica,80,Bergallo & Cerqueira 1994,14,Vandeberg 1990,_,_,7.3,Streilein 1982,7.3,Vandeberg 1990,7.9,Bergallo & Cerqueira 1994,56,Harder et al. 1993,70,Vandeberg 1990,_,_,_,_,_,_,180,Streilein 1982,165,Vandeberg 1990,_,_,4.5,Vandeberg 1990,_,_,0.097,Vandeberg 1990,_,_,_,_,_,_,_,_,21.2,Cothran et al. 1985,21,Vandeberg 1990,_,_,_,_,3,Emmons & Feer 1997,_,1,Emmons & Feer 1997,_,_,_,_,4,Streilein 1982,_,_,_,_,1000,Streilein 1982,1,Emmons & Feer 1997,2,Streilein 1982,2,Emmons & Feer 1997
88,Dasyuridae,Murexia,melanurus,27,Dwyer 1977,_,_,_,_,3.5,Dwyer 1977,_,_,_,_,_,_,_,_,_,_,_,_,_,_,330,Flannery 1990,_,_,_,_,_,_,_,_,_,_,_,_,_,_,_,_,_,_,_,_,_,_,_,_,_,_,3,Flannery 1990,_,_,_,_,_,_,_,1.5,Rudd & Stevens 1996,_,_,_,_,4470,McAlpine et al. 1975.,_,_,1,Dwyer 1977,1,Dwyer 1977
89,Dasyuridae,Murexia,naso,43,Flannery 1990,_,_,_,_,4,Dwyer 1977,_,_,_,_,_,_,_,_,_,_,_,_,_,_,330,Flannery 1990,_,_,_,_,_,_,_,_,_,_,_,_,_,_,_,_,_,_,_,_,_,_,_,_,_,_,3,Flannery 1990,_,1,Dwyer 1977,_,_,_,_,1.5,Rudd & Stevens 1996,_,_,_,_,4470,McAlpine et al. 1975.,_,_,_,_,_,_
90,Myrmecobiidae,Myrmecobius.,fasciatus,459,Friend 1995,14,Friend 1995,_,_,4,Friend 1995,_,_,_,_,270,Friend 1995,_,_,_,_,365,Friend 1995,_,_,_,_,_,_,_,_,_,_,_,_,_,_,_,_,_,_,_,_,_,_,_,_,_,_,_,_,_,_,3,Christensen et al. 1984,_,1,Friend 1995,_,_,_,_,0.053,Friend 1995,_,_,_,_,500,AUSLIG 1980,1,Friend 1995,2,Friend 1995,2,Friend 1995
91,Dasyuridae,Ningaui,ridei,8.5,McKenzie & Dickman 1995,13.5,Fanning 1982,_,_,6,Fanning 1982,_,_,_,_,91,Fanning 1982,_,_,_,_,365,Fanning 1982,_,_,290,Fanning 1982,_,_,_,_,2,Aslin 1982,_,_,0.005,Fanning 1982,_,_,0.7,Fanning 1982,_,_,_,_,_,_,_,_,_,_,_,_,3,McKenzie & Dickman 1995,_,1,McKenzie & Dickman 1995,_,_,_,_,_,_,_,_,_,_,150,AUSLIG 1980,2,McKenzie & Dickman 1995,1,McKenzie & Dickman 1995,2,McKenzie & Dickman 1995
92,Dasyuridae,Ningaui,timealyi,5.8,Dunlop & Saule 1982,_,_,_,_,5.7,Dunlop & Saule 1982,_,_,_,_,_,_,_,_,_,_,365,Dunlop & Saule 1982,_,_,_,_,_,_,_,_,1,Dunlop 1995,_,_,_,_,_,_,_,_,_,_,_,_,2,Dunlop & Saule 1982,_,_,_,_,5,Dunlop & Saule 1982,3,Dunlop 1995,_,1,Dunlop & Saule 1982,_,_,_,_,_,_,_,_,_,_,200,AUSLIG 1980,1,Dunlop 1995,3,Dunlop 1995,2,Dunlop & Saule 1982
93,Notoryctidae,Notoryctes,typhlops,55,Johnson 1995b,_,_,_,_,1,Collins 1973,_,_,_,_,_,_,_,_,_,_,_,_,_,_,_,_,_,_,_,_,_,_,_,_,_,_,_,_,_,_,_,_,_,_,_,_,_,_,_,_,_,_,3,Abensperg-Traun & Steven 1997,_,1,Johnson 1995b,_,_,_,_,_,_,_,_,_,_,_,_,_,_,1,Johnson 1995b,2,Johnson 1995b
94,Macropodidae,Onychogalea,fraenata,3400,Fisher & Lara 1999,23,Johnson 1997,_,_,1,Johnson 1997,_,_,_,_,165,Fisher 1999,_,_,_,_,125,Fisher 1999,_,_,185,Johnson 1997,_,_,_,_,5,Fisher et al. 2000,_,_,_,_,_,_,800,Fisher 1999,_,_,_,_,1900,Fisher 1999,_,_,_,_,2300,Fisher 1999,1,Ellis et al. 1992.,Evans and Jarman 1999,1.1,Fisher 1999,_,_,_,_,0.2,Fisher et al. 2000,_,_,_,_,700,AUSLIG 1980,2,Evans 1996,3,Fisher et al. 2000,2,Evans & Gordon 1995
95,Macropodidae,Onychogalea,unguifera,5800,Ingleby & Gordon 1995,_,_,_,_,1,Ingleby & Gordon 1995,_,_,_,_,_,_,_,_,_,_,_,_,_,_,_,_,_,_,_,_,_,_,_,_,_,_,_,_,_,_,_,_,_,_,_,_,_,_,_,_,_,_,1,Ingleby et al. 1989,_,1,Ingleby & Gordon 1995,_,_,_,_,_,_,_,_,_,_,800,AUSLIG 1980,2,Ingleby & Gordon 1995,3,Ingleby & Gordon 1995,2,Ingleby & Gordon 1995
96,Dasyuridae,Parantechinus,apicalis,58,Woolley 1995f,_,_,_,_,_,_,_,_,_,_,105,Woolley 1995f,105,Dickman & Braithwaite 1992,_,_,365,Woolley 1995f,365,Woolley 1991b,315,Woolley 1995f,_,_,_,_,2,Woolley 1995f,_,_,_,_,_,_,_,_,_,_,_,_,_,_,_,_,_,_,_,_,3,Woolley 1995f,_,1,Dickman and Braithwaite 1992,_,_,_,_,6,Dickman and Braithwaite 1992,_,_,_,_,1000,AUSLIG 1980,_,_,2,Woolley 1995f,2,Dickman & Braithwaite 1992
97,Dasyuridae,Parantechinus,bilarni,25,Woolley & Begg 1995,38,Woolley & Begg 1995,40,Woolley 1995c,4.5,Woolley & Begg 1995,5,Begg 1981a,5,Calaby & Taylor 1981,89,Begg 1981a,112,Woolley 1995,_,_,365,Begg 1981a,_,_,330,Begg 1981a,_,_,_,_,2.7,Begg 1981a,_,_,_,_,_,_,_,_,_,_,_,_,_,_,_,_,_,_,_,_,3,Woolley & Begg 1995,_,1,Calaby & Taylor 1981,_,_,_,_,_,_,_,_,_,_,1600,AUSLIG 1980,2,Calaby & Taylor 1981,2,Woolley & Begg 1995,2,Begg 1981a
98,Macropodidae,Peradorcas,concinna,1350,Sanson 1995,33,Sanson 1995,_,_,1,Sanson 1995,_,_,_,_,175,Nelson & Goldstone 1986,210,Sanson et al. 1985,_,_,171,Nelson & Goldstone 1986,_,_,440,Nelson & Goldstone 1986,_,_,_,_,17,pers. comm. G. Sanson,_,_,_,_,_,_,200,Nelson & Goldstone 1986,_,_,_,_,300,Nelson & Goldstone 1986,_,_,_,_,_,_,1,Sanson et al. 1985,_,1,Sanson 1995,_,_,_,_,_,_,_,_,_,_,1200,AUSLIG 1980,1,Sanson 1995,2,Sanson 1995,2,Sanson 1995
99,Peramelidae,Perameles,bougainville,226,Friend & Burbidge 1995,_,_,_,_,1.8,Short et al. 1998,_,_,_,_,_,_,_,_,_,_,_,_,_,_,120,Short et al. 1998,_,_,_,_,_,_,_,_,_,_,_,_,_,_,_,_,_,_,100,Short et al. 1998,_,_,_,_,170,Short et al. 1998,3,Friend & Burbidge 1995,_,1.03,Short et al. 1998,_,_,_,_,0.34,Short et al. 1997,_,_,_,_,300,AUSLIG 1980,2,Friend & Burbidge 1995,2,Friend & Burbidge 1995,2,Short et al. 1998
100,Peramelidae,Perameles,eremiana,_,_,_,_,_,_,2?,Gordon 1995,_,_,_,_,_,_,_,_,_,_,_,_,_,_,_,_,_,_,_,_,_,_,_,_,_,_,_,_,_,_,_,_,_,_,_,_,_,_,_,_,_,_,3,Gordon 1995,_,_,_,_,_,_,_,_,_,_,_,_,_,_,_,_,_,2,Gordon 1995,2,Gordon 1995
101,Peramelidae,Perameles,gunnii,750,Seebeck 1995a,12.5,Seebeck 1995a,12,Seebeck 1979,2.23,Lyne 1964,2.2,Dufty 1994,2.8,Seebeck 1979,57,Dufty 1995,60,Heinsohn 1966,_,_,60,Seebeck 1979,96,Heinsohn 1966,90,Seebeck 1995a,109,Dufty 1995,105,Dufty 1994,3,Seebeck 1995a,2,Dufty 1991,_,_,_,_,81,Dufty 1995,82.5,Heinsohn 1966,_,_,220,Dufty 1995,190,Dufty 1991,_,_,510,Heinsohn 1966,4,Heinsohn 1966,_,1,Seebeck 1995a,_,_,_,_,8.5,Seebeck 1995a,4.8,Dufty 1991,_,_,600,AUSLIG 1980,2,Seebeck 1995a,2,Seebeck 1995a,2,Dufty 1991
102,Peramelidae,Perameles,nasuta,859,Lyne 1964,12.5,Stodart 1995,_,_,3,Stodart 1995,2.44,Lyne 1964,2.6,Lyne 1982,60,Stodart 1995,63,Stodart 1977,75,Lyne 1971,53,Lyne 1964,_,_,150,Stodart 1995,120,Ride 1970,_,_,_,_,_,_,0.25,Stodart 1995,0.24,Lyne 1964,75,Lyne 1964,_,_,_,_,150,Lyne 1964,_,_,_,_,450,Lyne 1964,3,Stodart 1995.,Claridge 1993,1,Stodart 1995,_,_,_,_,0.9,pers. comm. S. Burnett,_,_,_,_,900,AUSLIG 1980,2,Stodart 1995,2,Stodart 1995,2,Lyne 1964
103,Pseudocheiridae,Petauroides,volans,1700,McKay 1995,_,_,_,_,1,McKay 1995,_,_,_,_,270,McKay 1995,230,Tyndale-Biscoe 1984,_,_,521,Tyndale-Biscoe 1984,365,Smith 1969,730,McKay 1995,730,Smith 1969,_,_,15,Collins 1973,_,_,0.27,Tyndale-Biscoe 1984,_,_,150,Smith 1969,134,Collins 1973,_,_,600,Tyndale-Biscoe 1984,500,Smith 1969,_,_,1000,Collins 1973,1,McKay 1995.,Comport et al. 1996,1,McKay 1995,1.16,Smith 1969,_,_,0.69,Tyndale-Biscoe & Smith 1969,0.56,Henry 1984,2.3,Kehl & Borsboom 1984,900,AUSLIG 1980,2,McKay 1995,1,McKay 1995,1,McKay 1995
104,Burramyidae,Petaurus,australis,528,Silva & Downing 1995,_,_,_,_,1,Russell 1995,_,_,_,_,145,Russell 1995,_,_,_,_,439,Goldingay & Kavanagh 1990,_,_,730,Goldingay & Kavanagh 1990,720,Russell 1984,_,_,6,Goldingay & Kavanagh 1990,16,Slater 1997,_,_,_,_,_,_,_,_,_,_,285,Smith & Lee 1984,_,_,_,_,_,_,2,Russell 1995.,Goldingay 1986,1,Goldingay 1989,4.2,Goldingay 1992,2.6,Goldingay & Kavanagh 1990,0.14,Russell 1995,0.16,Goldingay 1992,0.05,Henry & Craig 1984,1100,AUSLIG 1980,2,Russell 1995,1,Russell 1995,1,Russell 1995
105,Petauridae,Petaurus,breviceps,115,Suckling 1995a,16,Tyndale-Biscoe 1984,17,Clark 1967,1.8,Suckling 1984,2.4,Tyndale-Biscoe 1984,1.93,Quin 1995,120,Suckling 1995a,_,_,_,_,332,Suckling 1984,290,Quin 1995,240,Tyndale-Biscoe 1984,450,Smith 1971,_,_,9,Suckling 1995a,7,Henry & Suckling 1984,0.18,Tyndale-Biscoe 1984,0.19,Clark 1967,20,Henry & Suckling 1984,_,_,_,_,75,Tyndale-Biscoe 1984,45,Smith & Lee 1984,54,Henry & Suckling 1984,_,_,2,Suckling 1995a.,Henry & Suckling 1984,1,Sadler & Ward 1999,_,_,_,_,10,Suckling 1995a,0.54,Quin 1995,4.5,Suckling 1984,1200,AUSLIG 1980,2,Suckling 1995a,1,Suckling 1984,1,Henry & Suckling 1984
106,Petauridae,Petaurus,gracilis,343,Van Dyck 1995b,_,_,_,_,1.75,Van Dyck 1993,_,_,_,_,_,_,_,_,_,_,_,_,_,_,_,_,_,_,_,_,_,_,_,_,_,_,_,_,_,_,_,_,_,_,_,_,_,_,_,_,_,_,2,Van Dyck 1995b,_,2,Van Dyck 1995b,_,_,_,_,0.12,pers. Comm. S. Jackson,_,_,_,_,2400,AUSLIG 1980,2,Van Dyck 1995b,1,Van Dyck 1995b,1,Van Dyck 1993
107,Petauridae,Petaurus,norfolcensis,230,Suckling 1995b,_,_,_,_,1.8,Quin 1995,_,_,_,_,120,Suckling 1995b,_,_,_,_,183,Suckling 1995b,_,_,_,_,_,_,_,_,6,Quin 1995,12,Collins 1973,_,_,_,_,70,Smith 1979b,_,_,_,_,_,_,_,_,_,_,_,_,3,Suckling 1995b,_,5,Suckling 1995b,_,_,_,_,3,Suckling 1995b,0.4,Traill & Coates 1993,1.22,Quin 1995,1000,AUSLIG 1980,2,Suckling 1995b,1,Suckling 1995b,1,Suckling 1995b
108,Macropodidae,Petrogale,assimilis,4300,Eldridge & Close 1995a,31,Eldridge & Close 1995a,_,_,1,Eldridge & Close 1995a,_,_,_,_,326,Delaney 1997,267,Close & Bell 1990,_,_,200,Close & Bell 1990,_,_,525,Delaney 1997,_,_,_,_,13,Eldridge & Close 1995a,12,Delaney & Marsh 1995,_,_,_,_,735,Close & Bell 1990,500,Barker 1990,_,_,1700,Spencer 1996,_,_,_,_,2500,Bell et al. 1989,1,Horsup & Marsh 1992,_,1.3,Horsup 1996,_,_,_,_,1.25,Spencer 1996,0.47,pers. comm A. Horsup,_,_,738,Delaney 1997,2,Horsup 1994,2,Horsup 1994,2,Eldridge & Close 1995a
109,Macropodidae,Petrogale,brachyotis,3700,Sharman et al. 1995c,_,_,_,_,1,Hume et al. 1989,_,_,_,_,_,_,_,_,_,_,_,_,_,_,_,_,_,_,_,_,_,_,_,_,_,_,_,_,_,_,_,_,_,_,_,_,_,_,_,_,_,_,1,Sanson et al. 1985,_,_,_,_,_,_,_,_,_,_,_,_,_,_,_,_,_,2,Sharman et al. 1995c,2,Sharman et al. 1995c
110,Macropodidae,Petrogale,inornata,4200,Eldridge & Close 1995d,31,Eldridge & Close 1995d,_,_,1,Johnson 1979,_,_,_,_,287,Johnson 1979,_,_,_,_,210,Johnson 1979,_,_,540,Johnson 1979,_,_,_,_,_,_,_,_,_,_,_,_,_,_,_,_,_,_,_,_,_,_,_,_,_,_,1,Eldridge & Close 1995d,_,_,_,_,_,_,_,_,_,_,_,_,_,800,AUSLIG 1980,2,Davis 1979,2,Eldridge & Close 1995d,2,Eldridge & Close 1995d
111,Macropodidae,Petrogale,lateralis,4200,Eldridge & Close 1995b,_,_,_,_,1,Kinnear et al. 1988,_,_,_,_,_,_,_,_,_,_,_,_,_,_,_,_,_,_,_,_,12,Kinnear et al.1988,_,_,_,_,_,_,_,_,_,_,_,_,_,_,_,_,_,_,_,_,1,Eldridge & Close 1996,_,_,_,_,_,_,_,2.75,Kinnear et al.1988,_,_,_,_,200,AUSLIG 1980,2,Eldridge & Close 1995b,2,Kinnear et al.1988,2,Kinnear et al.1988
112,Macropodidae,Petrogale,penicillata,6300,Eldridge & Close 1995c,31,Lavery & Kirkpatrick 1985,_,_,1,Lee & Ward 1989,_,_,_,_,290,Lee & Ward 1989,_,_,_,_,205,Lee & Ward 1989,_,_,540,Lavery & Kirkpatrick 1985,_,_,_,_,14,Lavery & Kirkpatrick 1985,_,_,_,_,_,_,_,_,_,_,_,_,_,_,_,_,_,_,_,_,1,Jarman & Phillips 1989.,Short 1989,1.3,Joblin 1983,_,_,_,_,3,pers. Comm. P. Jarman,_,_,_,_,1200,AUSLIG 1980,1,Joblin 1983,2,Joblin 1983,2,Joblin 1983
113,Macropodidae,Petrogale,persephone,5200,Sharman et al. 1995a,32,Johnson & Delean 1999,_,_,1,Johnson & Delean 1999,_,_,_,_,330,Johnson & Delean 1999,_,_,_,_,209,Johnson & Delean 1999,_,_,683,Johnson & Delean 1999,_,_,_,_,_,_,_,_,_,_,_,_,_,_,_,_,_,_,_,_,_,_,_,_,_,_,1,Sharman et al. 1995a,_,_,_,_,_,_,_,0.06,pers. comm. P. Winkel,_,_,_,_,1600,AUSLIG 1980,1,pers. comm P. Johnson,2,Sharman et al. 1995a,2,Sharman et al. 1995a
114,Macropodidae,Petrogale,xanthopus,7000,Poole et al. 1985,32,Sharman et al. 1995b,_,_,1,Sharman et al. 1995b,_,_,_,_,344,Poole et al. 1985,_,_,_,_,196,Poole et al. 1985,_,_,541,Poole et al. 1985,_,_,_,_,12,Robinson et al. 1994,_,_,0.46,Poole et al. 1985,_,_,1000,Poole et al. 1985,1000,Lim 1987,_,_,2500,Poole et al. 1985.,2500,Lim 1987,_,_,4000,Poole et al. 1985,1,Copley & Robinson 1983,_,1,Lim 1987,_,_,_,_,0.15,Lim 1987,_,_,_,_,300,AUSLIG 1980,2,Lim 1987,2,Sharman et al. 1995b,2,Sharman et al. 1995b
115,Pseudocheiridae,Petropseudes,dahli,2000,Kerle & Winter 1995,_,_,_,_,1,Kerle & Winter 1995,_,_,_,_,_,_,_,_,_,_,_,_,_,_,_,_,_,_,_,_,_,_,_,_,_,_,_,_,_,_,_,_,_,_,_,_,_,_,_,_,_,_,1,Kerle & Winter 1995,_,2,Kerle & Winter 1995,_,_,_,_,0.18,pers comm. M. Runcie,_,_,_,_,1400,AUSLIG 1980,2,Kerle & Winter 1995,2,Kerle & Winter 1995,2,Kerle & Winter 1995
116,Phalangeridae,Phalanger,carmelitae,1000,Flannery 1990,_,_,_,_,1,Flannery 1990,_,_,_,_,_,_,_,_,_,_,_,_,_,_,_,_,_,_,_,_,_,_,_,_,_,_,_,_,_,_,_,_,_,_,_,_,_,_,_,_,_,_,1,Flannery 1990,_,1,Flannery 1990,_,_,_,_,_,_,_,_,_,_,_,_,_,_,1,Flannery 1990,1,Flannery 1990
117,Phalangeridae,Phalanger,gymnotis,2400,Flannery 1990,13,Shoemaker & Croxton 1982,_,_,1,George 1982,_,_,_,_,270,Drake 1973,_,_,_,_,_,_,_,_,_,_,_,_,_,_,11,George 1982,_,_,_,_,_,_,_,_,_,_,_,_,_,_,_,_,_,_,_,_,2,George 1982.,Menzies & Pernetta 1986,1,Flannery 1990,_,_,_,_,_,_,_,_,_,_,4470,McAlpine et al. 1975.,2,Flannery 1990,1,George 1982,2,Flannery 1990
118,Phalangeridae,Phalanger,orientalis,2500,Flannery 1990,_,_,_,_,2,Flannery 1990,_,_,_,_,_,_,_,_,_,_,_,_,_,_,_,_,_,_,_,_,4,Collins 1973,_,_,_,_,_,_,_,_,_,_,_,_,_,_,_,_,_,_,_,_,1,Flannery 1990,_,_,_,_,_,_,_,_,_,_,_,_,_,4000,McAlpine et al. 1975.,2,Pers. Obs. D. Fisher,1,Flannery 1990,1,Flannery 1990
119,Phalangeridae,Phalanger.,intercastellanus,_,_,_,_,_,_,2,Winter & Leung 1995b,_,_,_,_,_,_,_,_,_,_,_,_,_,_,_,_,_,_,_,_,_,_,_,_,_,_,_,_,_,_,_,_,_,_,_,_,_,_,_,_,_,_,1,Winter & Leung 1995b,_,1,Winter & Leung 1995b,_,_,_,_,_,_,_,_,_,_,1800,AUSLIG 1980,2,Winter & Leung 1995b,1,Winter & Leung 1995b,1,Winter & Leung 1995b
120,Dasyuridae,Phascogale,calura,43,Bradley 1995,29,Bradley 1982,_,_,7.5,Bradley 1995,7.5,Bradley 1997,_,_,90,Bradley & Dempster 1997,_,_,_,_,365,Bradley 1995,_,_,330,Bradley 1982,_,_,_,_,2,Bradley 1995,3,Bradley & Dempster 1997,_,_,_,_,_,_,_,_,_,_,_,_,_,_,_,_,_,_,3,Bradley 1995,_,1,Bradley 1982,_,_,_,_,_,_,_,_,_,_,400,AUSLIG 1980,2,Bradley 1995,1,Bradley 1995,1,Bradley 1982
121,Dasyuridae,Phascogale,tapoatafa,156,Soderquist 1995a,30,Soderquist 1995a,27,Millis et al. 1999,6.8,Halley 1992,7,Soderquist 1995b,6.3,Millis et al. 1999,150,Soderquist 1995b,152,Collins 1973,_,_,365,Soderquist 1995a,_,_,330,Cuttle 1982,_,_,_,_,3.5,Scarff et al. 1998,5,Halley 1992,_,_,_,_,18,Cuttle 1982,4,Soderquist 1995a,_,_,70,Soderquist 1995b,_,_,_,_,_,_,3,Soderquist 1995a,_,1,Soderquist 1995a,_,_,_,_,1.11,Cuttle 1982,_,_,_,_,1400,AUSLIG 1980,2,Soderquist 1995a,1,Soderquist 1995a,1,Soderquist & Ealy 1994
122,Phascolarctidae,Phascolarctos,cinereus,5100,Martin & Handasyde 1995,35,Martin & Handasyde 1995,34,Martin & Lee 1984,1,Martin & Handasyde 1995,_,_,_,_,365,Martin & Handasyde 1995,365,Smith 1979a,_,_,383,Martin & Handasyde 1990,_,_,730,Martin & Handasyde 1995,660,Martin & Handasyde 1990,1060,Martin & Lee 1984,18,Martin & Handasyde 1995,14.5,Smith 1979a,_,_,_,_,750,Smith 1979a,_,_,_,_,1240,Smith & Lee 1984,_,_,_,_,_,_,1,Martin & Handasyde 1995,_,1,Martin & Handasyde 1995,_,_,_,_,3,Martin 1985,_,_,_,_,900,AUSLIG 1980,2,Martin & Handasyde 1995,2,Martin & Handasyde 1995,1,Martin & Handasyde 1990
123,Didelphidae,Philander,opossum,450,Silva & Downing 1995,_,_,_,_,4.6,Fleming 1973,4.2,Charles-Dominique 1983,5.3,Cerqueira & Gentile 1993,80,Gentile et al. 1995,76,D’andrea et al. 1994,90,Julien-Laferriere & Atramentowicz 1990,90,Charles-Dominique et al. 1983,122,Gentile et al. 1995,176,Gentile et al. 1995,150,Charles-Dominique et al. 1983,_,_,3.5,Collins 1973,_,_,_,_,_,_,_,_,_,_,_,_,110,Collins 1973,_,_,_,_,_,_,2,Julien-Laferriere & Atramentowicz 1990,_,_,_,_,_,_,_,0.6,Fleming 1972,1.91,Cerqueira & Gentile 1993,_,_,3000,Atramentowicz 1986,_,_,2,Collins 1973,2,Miles et al. 1981
124,Dasyuridae,Planigale,gilesi,6.9,Read 1995a,16,Read 1995a,15.5,Read 1984b,6.1,Read 1984b,_,_,_,_,75,Read 1984b,_,_,_,_,341,Read 1984b,_,_,240,Read 1984b,_,_,_,_,5,Read 1984b,_,_,_,_,_,_,0.74,Read 1987,_,_,_,_,5.8,Read 1987,_,_,_,_,_,_,3,Read 1995a,Read 1987,1,Read 1984a,_,_,_,_,7.4,_,_,_,_,_,150,AUSLIG 1980,2,Read 1995a,2,Read 1995a,2,Read 1995a
125,Dasyuridae,Planigale,ingrami,4.3,Van Dyck 1995e,_,_,_,_,_,_,_,_,_,_,90,Van Dyck 1995e,_,_,_,_,_,_,_,_,_,_,_,_,_,_,1.3,Collins 1973,_,_,_,_,_,_,_,_,_,_,_,_,_,_,_,_,_,_,_,_,3,Van Dyck 1995e,_,_,_,_,_,_,_,_,_,_,_,_,_,1200,AUSLIG 1980,_,_,2,Van Dyck 1995e,2,Van Dyck 1995e
126,Dasyuridae,Planigale,maculata,10,Redhead 1995,20,Redhead 1995,19,Aslin 1975,8,Redhead 1995,7.3,Aslin 1975,_,_,70,Aslin 1975,72,Van Dyck 1979,_,_,91,Van Dyck 1979b,_,_,290,Aslin 1975,_,_,_,_,4,Aslin 1982,_,_,_,_,_,_,1,Aslin 1975,_,_,_,_,4.85,Aslin 1975,_,_,_,_,_,_,3,Redhead 1995,_,1,Van Dyck 1979b,_,_,_,_,_,_,_,_,_,_,_,_,_,_,2,Redhead 1995,2,Van Dyck 1979b
127,Dasyuridae,Planigale,tenuirostris,5.3,Read 1995b,19,Read 1995b,_,_,6,Read 1984b,_,_,_,_,95,Read 1995b,_,_,_,_,332,Read 1984b,_,_,240,Read 1984b,_,_,_,_,3,Read 1984b,_,_,_,_,_,_,0.5,Read 1987,_,_,_,_,2.7,Read 1987,_,_,_,_,_,_,3,Read 1987,_,1,Read 1984a,_,_,_,_,_,_,_,_,_,_,150,AUSLIG 1980,2,Read 1995b,2,Read 1995b,2,Read 1984a
128,Potoroidae,Potorous,longipes,1650,Seebeck 1995b,38,Serena et al. 1996,_,_,1,Seebeck 1995b,_,_,_,_,161,Seebeck 1992,_,_,_,_,151,Green & Mitchell 1997,_,_,780,Seebeck 1992,730,Seebeck 1995b,_,_,10,Seebeck et al. 1989,_,_,_,_,_,_,290,Seebeck 1992,_,_,_,_,890,Seebeck 1992,_,_,_,_,1650,Seebeck 1992,4,Seebeck 1995b,_,1,Green & Mitchell 1997,_,_,_,_,0.5,Scotts & Seebeck 1989,0.32,Green et al. 1998,_,_,1200,Seebeck 1995b,2,Seebeck 1995b,2,Seebeck 1995b,2,Seebeck 1995b
129,Potoroidae,Potorous,tridactylus,1020,Johnston 1995,38,Hughes 1962,_,_,1,Johnston 1995,_,_,_,_,147,Tyndale-Biscoe & Renfree 1987,170,Bryant 1989,_,_,126,Bryant 1989,_,_,365,Johnston 1995,_,_,_,_,7,Guiler & Kitchener 1967,_,_,0.33,Hughes 1962,0.29,Bryant 1989,184,Hughes 1962,225,Bryant 1989,_,_,500,Bryant 1989,_,_,_,_,890,Hughes 1962,4,Guiler 1971aa,_,1,Johnston 1995,_,_,_,_,2.55,Bennett 1987,0.23,Mason 1997,0.2,Kitchener 1973,1200,AUSLIG 1980,2,Johnston 1995,3,Seebeck et al. 1989,2,Johnston 1995
130,Dasyuridae,Pseudantechinus,macdonnellensis,30,Woolley 1995g,50,Woolley 1995g,51,Woolley 1991a,5.9,Woolley 1991a,_,_,_,_,98,Woolley 1995g,_,_,_,_,365,Woolley 1995g,_,_,0.96,Woolley 1991a,_,_,_,_,3,Woolley 1991a,_,_,0.012,Woolley 1991a,_,_,_,_,_,_,_,_,_,_,_,_,_,_,_,_,3,Woolley 1995g,_,1,Woolley 1991a,_,_,_,_,_,_,_,_,_,_,200,AUSLIG 1980,2,Woolley 1995g,2,Woolley 1995g,2,Woolley 1991a
131,Dasyuridae,Pseudantechinus,ningbing,17.5,Woolley 1995d,45,Woolley 1988,_,_,4,Woolley 1988,_,_,_,_,112,Woolley 1995d,_,_,_,_,365,Woolley 1995d,_,_,330,Woolley 1995d,_,_,_,_,2,Woolley 1995d,_,_,_,_,_,_,_,_,_,_,_,_,_,_,_,_,_,_,_,_,3,Woolley 1995d,_,1,Woolley 1988,_,_,_,_,_,_,_,_,_,_,1400,AUSLIG 1980,_,_,_,_,_,_
132,Dasyuridae,Pseudantechinus,woolleyae,38,Woolley 1995h,_,_,_,_,6,Woolley 1995h,_,_,_,_,_,_,_,_,_,_,_,_,_,_,300,Woolley 1995h,_,_,_,_,4,Woolley 1995h,_,_,_,_,_,_,_,_,_,_,_,_,_,_,_,_,_,_,_,_,3,Woolley 1995h,_,_,_,_,_,_,_,_,_,_,_,_,_,200,AUSLIG 1980,_,_,_,_,_,_
133,Pseudocheiridae,Pseudocheirops,cupreus,1700,Flannery 1990,_,_,_,_,1,Flannery 1990,_,_,_,_,_,_,_,_,_,_,_,_,_,_,_,_,_,_,_,_,_,_,_,_,_,_,_,_,_,_,_,_,_,_,_,_,_,_,_,_,_,_,1,Flannery 1990,_,_,_,_,_,_,_,_,_,_,_,_,_,_,_,_,_,2,Flannery 1990,2,Flannery 1990
134,Pseudocheiridae,Pseudocheirus,occidentalis,1000,Jones 1995a,_,_,_,_,1.1,Jones 1995a,1.1,Ellis & Jones 1992,1.2,Jones et al. 1994,200,Jones 1995a,210,Jones et al. 1994,_,_,122,Ellis & Jones 1992,_,_,300,Jones 1995a,_,_,_,_,_,_,_,_,_,_,_,_,125,Jones 1995a,125,Ellis & Jones 1992,_,_,550,Jones 1995a,_,_,_,_,830,Jones et al. 1994,1,Jones 1995a.,Jones et al. 1994,1,Jones 1995a,_,_,_,_,3.2,Jones et al. 1994,_,_,_,_,1600,AUSLIG 1980,2,Jones 1995a,1,Jones 1995a,1,Jones et al. 1994
135,Pseudocheiridae,Pseudocheirus,peregrinus,900,McKay & Ong 1995,_,_,_,_,1.94,How et al. 1984,2.07,Pahl & Lee 1988,1.86,Hughes et al. 1965,180,McKay & Ong 1995,200,How et al. 1984,205,Munks & Green 1997,311.9,Pahl & Lee 1988,301.7,How et al. 1984.,420,How et al. 1984,375,Pahl & Lee 1988,_,_,5,How et al. 1984,6,Barnett et al. 1982,0.3,Tyndale-Biscoe 1984,_,_,80,How et al. 1984,89,Munks & Green 1997,_,_,400,Tyndale-Biscoe 1984,400,Pahl 1988,532,Munks & Green 1997,850,Munks & Green 1997,1,McKay & Ong 1995.,Pahl 1987,2,McKay & Ong 1995,2,How et al. 1984,_,_,14.07,How et al. 1984,13.4,Pahl 1984,_,_,800,AUSLIG 1980,2,McKay & Ong 1995,1,McKay & Ong 1995,1,McKay & Ong 1995
136,Pseudocheiridae,Pseudochirops,archeri,1120,Winter & Goudberg 1995a,_,_,_,_,1,Winter & Goudberg 1995a,1.07,Winter & Atherton 1984,_,_,_,_,_,_,_,_,365,Winter & Goudberg 1995a,_,_,_,_,_,_,_,_,_,_,_,_,_,_,_,_,_,_,_,_,_,_,_,_,_,_,_,_,_,_,1,Winter & Goudberg 1995a,Proctor-Gray 1984,1,Winter & Goudberg 1995a,1.06,Winter & Atherton 1984,_,_,1.5,pers. comm. J. Winter,_,_,_,_,3000,AUSLIG 1980,2,Winter & Goudberg 1995a,2,Winter & Goudberg 1995a,1,Winter & Goudberg 1995a
137,Pseudocheiridae,Pseudochirulus,cinereus,910,Winter & Trenerry 1995,_,_,_,_,2,Winter & Trenerry 1995,_,_,_,_,_,_,_,_,_,_,_,_,_,_,_,_,_,_,_,_,_,_,_,_,_,_,_,_,280,Winter & Trenerry 1995,_,_,_,_,_,_,_,_,_,_,_,_,1,Winter & Trenerry 1995,_,1,Winter & Trenerry 1995,1.04,Winter & Atherton 1984,_,_,1.46,pers. comm. J. Winter,_,_,_,_,2400,AUSLIG 1980,2,Winter & Trenerry 1995,1,Winter & Trenerry 1995,1,Winter & Trenerry 1995
138,Pseudocheiridae,Pseudochirulus,forbesi,600,Flannery 1990,_,_,_,_,1,Flannery 1990,_,_,_,_,_,_,_,_,_,_,_,_,_,_,_,_,_,_,_,_,_,_,_,_,_,_,_,_,_,_,_,_,_,_,_,_,_,_,_,_,_,_,1,Flannery 1990,_,_,_,_,_,_,_,_,_,_,_,_,_,_,_,_,_,1,Flannery 1990,1,Flannery 1990
139,Pseudocheiridae,Pseudochirulus,herbertensis,1050,Winter & Goudberg 1995b,_,_,_,_,2,Winter & Goudberg 1995b,1.8,Haffenden 1984,1.5,Winter & Atherton 1984,160,Haffenden 1984,_,_,_,_,332,Haffenden 1984,_,_,480,Haffenden 1984,_,_,_,_,_,_,_,_,0.18,Haffenden 1984,_,_,115,Haffenden 1984,_,_,_,_,200,Haffenden 1984,_,_,_,_,_,_,1,Winter & Goudberg 1995b,_,1,Winter & Goudberg 1995b,1,Winter & Atherton 1984,_,_,9,Winter & Goudberg 1995b,_,_,_,_,2400,AUSLIG 1980,2,Winter & Goudberg 1995b,1,Winter & Goudberg 1995b,1,Winter & Goudberg 1995b
140,Dasyuridae,Sarcophilus,harrisii,7000,Jones 1995b,31,Guiler 1971,_,_,2.8,Jones 1995b,2.95,Guiler 1970,_,_,280,Jones 1995b,140,Collins 1973,_,_,365,Jones 1995b,_,_,730,Jones 1995b,_,_,_,_,6,Jones 1995b,6,Collins 1973,0.18,Guiler 1970.,0.24,Hughes 1982,200,Guiler 1970,_,_,_,_,_,_,_,_,_,_,4400,Hughes 1982,3,Jones 1995b,_,1,Jones 1995b,_,_,_,_,0.059,Othmar et al. 1977,_,_,_,_,1000,AUSLIG 1980,2,Jones 1995b,1,Jones 1995b,2,Jones 1995b
141,Macropodidae,Setonix,brachyurus,2900,Kitchener 1995,27,Sharman 1955,_,_,1,Johnston 1995,_,_,_,_,310,Collins 1973,570,Kitchener 1970,_,_,365,Johnston 1995,_,_,390,Shield 1968,480,Dunnet 1962,_,_,12,Niven 1970,_,_,0.45,Waring et al. 1955,0.35,Lee & Ward 1989,500,Shield 1968,_,_,_,_,_,_,_,_,_,_,_,_,1,Storr 1964,_,2,Kitchener 1972,_,_,_,_,17,Kitchener 1973,5.8,Main & Yadav 1971,_,_,742,Kitchener 1972,2,Kitchener 1995,3,Kitchener 1995,2,Kitchener 1995
142,Dasyuridae,Sminthopsis,crassicaudata,15,Morton 1995a,16,Ewer 1968,13,Godfrey & Crowcroft 1971,7.5,Morton 1978b,7.3,Godfrey & Crowcroft 1971,_,_,65,Ewer 1968,70,Godfrey & Crowcroft 1971,_,_,329,Morton 1978b,_,_,150,Morton 1995a,115,Ewer 1968,152,Godfrey & Crowcroft 1971,3,Collins 1973,4.3,Aslin 1982,_,_,_,_,_,_,_,_,_,_,6.5,Godfrey & Crowcroft 1971,_,_,_,_,14,Godfrey & Crowcroft 1971,3,Morton 1995a.,Morton 1978b,1,Morton 1995a,_,_,_,_,0.5,Morton 1978a,_,_,_,_,200,AUSLIG 1980,2,Morton 1995a,2,Morton 1995a,2,Morton 1978a
143,Dasyuridae,Sminthopsis,dolichura,12.4,Friend & Pearson 1995,_,_,_,_,7.2,Friend et al. 1997,_,_,_,_,_,_,_,_,_,_,365,Friend & Pearson 1995,_,_,255,Friend & Pearson 1995,_,_,_,_,2,Friend & Pearson 1995,3.17,Friend et al. 1997,_,_,_,_,_,_,_,_,_,_,5,Friend & Pearson 1995,3,Friend et al. 1997,_,_,_,_,3,Friend & Pearson 1995,_,1,Friend et al. 1997,_,_,_,_,_,_,_,_,_,_,400,AUSLIG 1980,2,Friend & Pearson 1995,1,Friend & Pearson 1995,2,Friend et al. 1997
144,Dasyuridae,Sminthopsis,leucopus,19,Lunney 1995,15,Read et al. 1983,_,_,8,Woolley & Ahern 1983,_,_,_,_,85,Lunney 1995,_,_,_,_,365,Lunney 1995,_,_,336,Woolley & Ahern 1983,_,_,_,_,2.5,Lunney & Ashby 1987,_,_,_,_,_,_,_,_,_,_,_,_,9,Woolley & Ahern 1983,_,_,_,_,_,_,3,Lunney et al. 1986,Hutchings 1996,1,Hutchings 1996,1,Laidlaw et al. 1996,_,_,6.18,Laidlaw et al. 1996,_,_,_,_,1000,AUSLIG 1980,2,Lunney 1995,2,Lunney 1995,2,Hutchings 1996
145,Dasyuridae,Sminthopsis,macroura,20,Morton 1995b,11,Morton 1995b,12.5,Godfrey 1969,6,Woolley 1990,7,Taggart et al. 1997,_,_,70,Godfrey 1969,_,_,_,_,183,Morton 1995b,_,_,120,Morton 1995b,135,Godfrey 1969,160,Godfrey & Crowcroft 1971,3,Godfrey 1969,3,Woolley 1990,0.0145,Frigo & Woolley 1997,_,_,1.9,Frigo & Woolley 1997,_,_,_,_,7,Godfrey 1969,8.9,Frigo & Woolley 1997,_,_,12.5,Woolley 1990,3,Morton 1995b,_,1,Morton 1995b,_,_,_,_,_,_,_,_,_,_,300,AUSLIG 1980,2,Morton 1995b,2,Morton 1995b,2,Morton 1995b
146,Dasyuridae,Sminthopsis,murina,14,Fox 1995,12.5,Fox 1995,_,_,8,Fox & Whitford 1982,_,_,_,_,65,Fox & Whitford 1982,_,_,_,_,365,Fox 1995,_,_,330,Fox & Whitford 1982,_,_,_,_,2,Fox & Whitford 1982,_,_,_,_,_,_,1.5,Fox & Whitford 1982,_,_,_,_,6.2,Fox & Whitford 1982,_,_,_,_,_,_,3,Fox 1995,_,1,Fox & Whitford 1982,_,_,_,_,6,Fox 1995,_,_,_,_,350,AUSLIG 1980,2,Fox 1995,2,Fox 1995,2,Fox 1995
147,Dasyuridae,Sminthopsis,ooldea,11,Aslin 1995,21,Aslin 1983,_,_,7.5,Aslin 1995,7,Aslin 1983,_,_,70,Aslin 1983,_,_,_,_,365,Aslin 1995,_,_,300,Aslin 1983,_,_,_,_,3,Aslin 1983,_,_,_,_,_,_,2,Aslin 1983,_,_,_,_,4.8,Aslin 1983,_,_,_,_,_,_,3,Aslin 1995,_,1,Aslin 1995,_,_,_,_,_,_,_,_,_,_,100,AUSLIG 1980,2,Aslin 1995,_,_,_,_
148,Dasyuridae,Sminthopsis,virginiae,34,Woolley 1995e,15,Woolley 1995e,_,_,2.5,Taplin 1980,_,_,_,_,67,Woolley 1995e,90,Taplin 1980,_,_,91,Taplin 1980,_,_,230,Taplin 1980,_,_,_,_,1.32,Taplin 1980,_,_,_,_,_,_,_,_,_,_,_,_,_,_,_,_,_,_,_,_,3,Woolley 1995e,_,1,Taplin 1980,_,_,_,_,_,_,_,_,_,_,1500,Morton et al. 1987,2,Taplin 1980,2,Taplin 1980,2,Taplin 1980
149,Dasyuridae,Sminthopsis,youngsoni,10,McKenzie & Cole 1995,_,_,_,_,5.5,McKenzie & Cole 1995,_,_,_,_,_,_,_,_,_,_,365,McKenzie & Cole 1995,_,_,_,_,_,_,_,_,_,_,_,_,_,_,_,_,_,_,_,_,_,_,_,_,_,_,_,_,_,_,3,McKenzie & Cole 1995,_,_,_,_,_,_,_,_,_,_,_,_,_,200,AUSLIG 1980,2,McKenzie & Cole 1995,1,McKenzie & Cole 1995,2,McKenzie & Cole 1995
150,Phalangeridae,Spilocuscus,maculatus,3060,Silva & Downing 1995,13,Collins 1973,_,_,1,Winter & Leung 1995a,_,_,_,_,240,Drake 1971,_,_,_,_,365,Drake 1971,_,_,_,_,_,_,_,_,11,Collins 1973,_,_,_,_,_,_,_,_,_,_,_,_,1700,Drake 1971,_,_,_,_,_,_,1,Winter & Leung 1995a,_,1,Winter & Leung 1995a,_,_,_,_,_,_,_,_,_,_,2500,AUSLIG 1980,2,Winter & Leung 1995a,2,Winter & Leung 1995a,1,Winter & Leung 1995a
151,Tarsipedidae,Tarsipes,rostratus,9,Renfree 1995,60,Tyndale-Biscoe 1984,_,_,2.5,Renfree 1995,2.8,Scarlett & Wooller 1980,2.5,Wooller et al. 1981,70,Renfree 1995,85,Tyndale-Biscoe 1984,90,Wooller et al. 1981,122,Tyndale-Biscoe 1984,_,_,180,Tyndale-Biscoe 1984,_,_,_,_,1.5,Wooller et al. 1981,0.6,Collins 1973,0.004,Renfree et al. 1984,_,_,2,Wooller et al. 1981,_,_,_,_,7,Tyndale-Biscoe 1984,4.5,Wooller et al. 1981,5,Renfree et al. 1984,9,Wooller et al. 1981,2,Renfree 1995.,Wooller et al. 1981,1,Wooller et al. 1981,_,_,_,_,297,Garavanta 1997,_,_,_,_,510,Garavanta 1997,2,Renfree 1995,1,Renfree 1995,1,Wooller et al. 1981
152,Thylacinidae,Thylacinus,cynocephalus,_,_,_,_,_,_,3,Rounsevell & Mooney 1995,_,_,_,_,_,_,_,_,_,_,365,Collins 1973,_,_,_,_,_,_,_,_,9,Collins 1973,_,_,_,_,_,_,_,_,_,_,_,_,_,_,_,_,_,_,_,_,3,Rounsevell & Mooney 1995,_,_,_,_,_,_,_,_,_,_,_,_,_,1200,AUSLIG 1980,2,Rounsevell & Mooney 1995,3,Rounsevell & Mooney 1995,2,Rounsevell & Mooney 1995
153,Didelphidae,Thylamys,elegans,25,Silva & Downing 1995,_,_,_,_,10,Eisenberg 1988,_,_,_,_,_,_,_,_,_,_,_,_,_,_,_,_,_,_,_,_,_,_,_,_,_,_,_,_,_,_,_,_,_,_,_,_,_,_,_,_,_,_,_,_,_,_,_,_,_,_,_,_,_,_,_,_,_,_,_,_,_,_,_,_,_
154,Macropodidae,Thylogale,billardierii,3900,Johnson & Rose 1995,30,Johnson & Rose 1995,_,_,1,Johnson & Rose 1995,_,_,_,_,290,Rose & McCartney 1982,_,_,_,_,204,Rose & McCartney 1982,_,_,392,Rose & McCartney 1982,_,_,_,_,10,QDEH 1993,_,_,0.4,Lee & Ward 1989,_,_,1029,_,900,Driessen & Hocking 1996,_,_,3000,_,2900,Driessen & Hocking 1996,_,_,3500,Johnson & Rose 1995,1,Johnson & Rose 1995,_,1,Johnson & Rose 1995,_,_,_,_,2.5,TNPWS 1984,_,_,_,_,1200,AUSLIG 1980,2,Johnson & Rose 1995,3,Johnson & Rose 1995,2,Johnson & Rose 1995
155,Macropodidae,Thylogale,stigmatica,4100,Johnson & Vernes 1995,29,Johnson & Vernes 1995,_,_,1,Johnson & Vernes 1995,_,_,_,_,255,Johnson & Vernes 1995,250,Johnson & Vernes 1994,_,_,185,Johnson & Vernes 1994,_,_,341,Johnson & Vernes 1994,336,Johnson & Vernes 1995,_,_,_,_,_,_,_,_,_,_,_,_,_,_,_,_,_,_,_,_,_,_,_,_,1,Jarman & Phillips 1989.,Vernes 1995,1.5,Johnson 1985,_,_,_,_,4.1,Cooke 1979,2.4,Vernes 1994,_,_,1600,AUSLIG 1980,1,Vernes et al. 1995,3,Johnson & Vernes 1995,2,Johnson & Vernes 1995
156,Macropodidae,Thylogale,thetis,3800,Johnson 1995c,_,_,_,_,1,Johnson 1995c,_,_,_,_,210,Johnson 1981,_,_,_,_,182,Johnson 1977,_,_,510,Johnson 1995c,600,Johnson 1977,_,_,9,Johnson 1981,_,_,_,_,_,_,800,Maynes 1976,_,_,_,_,_,_,_,_,_,_,2300,Johnson 1977,1,Jarman & Phillips 1989,_,4.8,Johnson 1977,_,_,_,_,3.6,Johnson 1977,_,_,_,_,1200,AUSLIG 1980,1,Johnson 1995c,3,Johnson 1995c,2,Johnson 1995c
157,Phalangeridae,Trichosurus,caninus,2900,Tyndale-Biscoe 1984,16,How 1995,_,_,1,How 1995,_,_,_,_,255,How 1995,230,How 1981,240,How 1976,361,How 1995,_,_,730,How 1995,1080,Tyndale-Biscoe 1984,_,_,17,Barnett et al. 1982,15,Lindenmayer et al. 1998,_,_,_,_,_,_,_,_,_,_,1000,Tyndale-Biscoe 1984,_,_,_,_,_,_,1,How 1995,Warneke & Baxter 1984,1,How 1995,_,_,_,_,0.3,How 1972,1,Lindenmayer et al. 1998,0.35,How 1981,1000,AUSLIG 1980,2,How 1995,1,How 1995,1,How 1981
158,Phalangeridae,Trichosurus,vulpecula,2300,How & Kerle 1995,17,How & Kerle 1995,17.5,Hope 1971,1,How & Kerle 1995,_,_,_,_,180,How & Kerle 1995,189,Gemmell 1995,_,_,274,How & Kerle 1995,_,_,346,Gemmell 1995,450,Hope 1971,_,_,13,How & Kerle 1995,5.3,Gemmell 1995,0.2,Tyndale-Biscoe 1984,_,_,220,Gemmell 1995,_,_,_,_,1300,Tyndale-Biscoe 1984,760,Gemmell 1995,_,_,2170,Gemmell 1995,1,How & Kerle 1995,_,1,How & Kerle 1995,_,_,_,_,2.1,How & Kerle 1995,_,_,_,_,600,AUSLIG 1980,2,How & Kerle 1995,1,How & Kerle 1995,1,How & Kerle 1995
159,Vombatidae,Vombatus,ursinus,26000,McIlroy 1995,_,_,_,_,1,McIlroy 1995,_,_,_,_,510,McIlroy 1995,450,Triggs 1988,378,Boer 1998,730,Triggs 1988,_,_,730,McIlroy 1995,730,Triggs 1988,_,_,20,McIlroy 1995,26,Collins 1973,0.5,Triggs 1988,_,_,5200,Triggs 1988,5700,Presidente 1982,3200,Boer 1998,12000,Triggs 1988,8650,Boer 1998,_,_,11000,Boer 1998,1,McIlroy 1995,_,1,Triggs 1988,_,_,_,_,0.21,Buchan & Goldney 1998,0.6,Taylor 1993,0.32,McIlroy 1973,1400,AUSLIG 1980,2,McIlroy 1995,1,McIlroy 1995,2,McIlroy 1995
160,Macropodidae,Wallabia,bicolor,13000,Merchant 1995b,35,Merchant 1995b,_,_,1,Merchant 1995b,_,_,_,_,450,Merchant 1995b,_,_,_,_,256,Merchant 1995b,_,_,450,Merchant 1995b,_,_,_,_,12,Collins 1973,_,_,0.61,Lee & Ward 1989,_,_,_,_,_,_,_,_,_,_,_,_,_,_,_,_,1,Hollis et al. 1986.,Osawa 1990,1.1,Kaufmann 1974a,1.1,Southwell 1976,_,_,0.25,Robertshaw & Harden 1985,0.32,Troy & Coulson 1993,0.37,Menkhorst 1995,1200,AUSLIG 1980,1,Edwards & Ealey 1975,3,Merchant 1995b,2,Merchant 1995b
161,Phalangeridae,Wyulda.,squamicaudata,1675,Burbidge 1995b,_,_,_,_,1,Burbidge 1995b,_,_,_,_,240,Burbidge 1995b,_,_,_,_,365,Burbidge 1995b,_,_,730,Burbidge 1995b,_,_,_,_,6,Fairfax 1982,_,_,_,_,_,_,_,_,_,_,_,_,_,_,_,_,_,_,1100,Humphreys et al. 1984,1,Runcie 1999,_,1,Runcie 1999,_,_,_,_,3.45,Runcie 1999,_,_,_,_,1600,Humphreys et al. 1984,2,Burbidge 1995b,2,Burbidge 1995b,2,Humphreys et al. 1984
