"Taxon.group","Consumer.identity","Freq"
"Echinoderms","Leptasterias_hexactis",216
"Echinoderms","Pisaster_ochraceus",107
"Molluscs","Nucella_emarginata",58
"Echinoderms","Luidia_quinaria",54
"Annelids","Nephtys_caeca",54
"Echinoderms","Astrostole_scabra",52
"Molluscs","Vasula_melones",42
"Echinoderms","Anasterias_antarctica",37
"Echinoderms","Pycnopodia_helianthoides",37
"Arthropods","Acetes_intermedius",36
"Arthropods","Archaeomysis_japonica",27
"Arthropods","Archaeomysis_kokuboi",27
"Fish","Centroscyllium_fabricii",24
"Fish","Etmopterus_princeps",24
"Molluscs","Tenguella_marginalba",24
"Fish","Atheresthes_stomias",23
"Fish","Centroselachus_crepidater",20
"Chaetognaths","Flaccisagitta_enflata",20
"Fish","Apristurus_laurussonii",19
"Fish","Galeus_murinus",19
"Molluscs","Lirabuccinum_dirum",19
"Fish","Atheresthes_evermanni",18
"Molluscs","Bedeva_vinosa",18
"Chaetognaths","Sagitta_bipunctata",18
"Chaetognaths","Sagitta_setosa",18
"Chaetognaths","Sagitta_serratodentata",17
"Echinoderms","Leptasterias_polaris",16
"Fish","Deania_calcea",15
"Echinoderms","Stylasterias_forreri",14
"Fish","Mene_maculata",13
"Annelids","Nephtys_bucera",12
"Fish","Plotosus_canius",12
"Molluscs","Reishia_clavigera",12
"Molluscs","Loligo_forbesii",11
"Fish","Centrophorus_squamosus",10
"Fish","Ceratoscopelus_warmingii",10
"Arthropods","Chionoecetes_bairdi",10
"Fish","Cynoscion_arenarius",10
"Fish","Diaphus_brachycephalus",10
"Arthropods","Mysis_mixta",10
"Fish","Stenobrachius_nannochir",10
"Fish","Myliobatis_freminvillei",9
"Arthropods","Tachypleus_tridentatus",9
"Molluscs","Acanthinucella_punctulata",8
"Fish","Alosa_braschnikowi",8
"Echinoderms","Dermasterias_imbricata",8
"Amphibians","Dryophytes_japonicus",8
"Molluscs","Haustrum_scobina",8
"Fish","Lophius_gastrophysus",8
"Fish","Nocomis_asper",8
"Fish","Isopsetta_isolepis",7
"Reptiles","Mesoclemmys_vanderhaegei",7
"Molluscs","Platydoris_argo",7
"Molluscs","Tenguella_musiva",7
"Fish","Cyclothone_signata",6
"Molluscs","Haustrum_haustorium",6
"Echinoderms","Meyenaster_gelatinosus",6
"Molluscs","Nucella_lamellosa",6
"Molluscs","Onykia_ingens",6
"Molluscs","Plocamopherus_tilesii",6
"Fish","Bathylagidae",5
"Amphibians","Bolitoglossa_pandi",5
"Fish","Catostomus_discobolus",5
"Fish","Chromis_chrysura",5
"Cnidarians","Diphyes_dispar",5
"Fish","Leuroglossus_schmidti",5
"Fish","Nansenia_candida",5
"Arthropods","Plesionika_martia",5
"Arthropods","Romaleon_setosum",5
"Cnidarians","Allantactis_parasitica",4
"Cnidarians","Anthopleura_nigrescens",4
"Fish","Argentina_silus",4
"Fish","Argyrosomus_hololepidotus",4
"Fish","Artediellus_atlanticus",4
"Echinoderms","Astropecten_indicus",4
"Echinoderms","Astropecten_scoparius",4
"Annelids","Cambarincola_chirocephalus",4
"Annelids","Cambarincola_vitreus",4
"Fish","Characidium",4
"Echinoderms","Cosmasterias_lurida",4
"Fish","Cottunculus_microps",4
"Fish","Elops_machnata",4
"Fish","Galeichthys_feliceps",4
"Molluscs","Kalinga_ornata",4
"Fish","Lichia_amia",4
"Fish","Lycodes_esmarkii",4
"Fish","Lycodes_vahlii",4
"Fish","Melanotaenia_fluviatilis",4
"Arthropods","Plesionika_acanthonotus",4
"Fish","Pleurogrammus_monopterygius",4
"Fish","Protomyctophum_thompsoni",4
"Fish","Raja_miraletus",4
"Amphibians","Rana_graeca",4
"Cnidarians","Rosacea_cymbiformis",4
"Fish","Scorpaena_notata",4
"Reptiles","Thamnophis_saurita",4
"Fish","Trachurus_mediterraneus",4
"Fish","Triglops_murrayi",4
"Fish","Amblyraja_georgiana",3
"Fish","Amblyraja_hyperborea",3
"Fish","Arctozenus_risso",3
"Amphibians","Arthroleptis_xenodactyloides",3
"Fish","Atlantirivulus_santensis",3
"Fish","Benthalbella_dentata",3
"Fish","Chaenobryttus_gulosus",3
"Fish","Citharichthys_spilopterus",3
"Fish","Cottus_perplexus",3
"Fish","Cottus_rhotheus",3
"Cnidarians","Craspedacusta_sowerbii",3
"Fish","Dasyatis_lata",3
"Fish","Etrumeus_micropus",3
"Echinoderms","Evasterias_troschelii",3
"Fish","Gadiculus_argenteus",3
"Echinoderms","Hippasteria_phrygiana",3
"Fish","Lampanyctus_jordani",3
"Fish","Macropinna_microstoma",3
"Fish","Monodactylus_falciformis",3
"Fish","Notropis_heterodon",3
"Fish","Pimelodella",3
"Arthropods","Plesionika_edwardsii",3
"Amphibians","Pleurodema_diplolister",3
"Fish","Poromitra_curilensis",3
"Amphibians","Pseudis_limellum",3
"Fish","Rajella_fyllae",3
"Fish","Rhamdia",3
"Echinoderms","Solaster_endeca",3
"Cnidarians","Sulculeolaria_quadrivalvis",3
"Fish","Trachurus_symmetricus",3
"Molluscs","Acanthinucella_spirata",2
"Cnidarians","Agalma_elegans",2
"Cnidarians","Agalma_okeni",2
"Amphibians","Andinobates_minutus",2
"Cnidarians","Apolemia_uvaria",2
"Fish","Apristurus_aphyodes",2
"Fish","Argentina_sphyraena",2
"Cnidarians","Athorybia_rosacea",2
"Fish","Atlantoraja_cyclophora",2
"Fish","Bathyraja_spinicauda",2
"Fish","Belonesox_belizanus",2
"Molluscs","Burnupena_lagenaria",2
"Fish","Callorhinchus_callorynchus",2
"Arthropods","Carcinoscorpius_rotundicauda",2
"Fish","Centroscymnus_coelolepis",2
"Cnidarians","Ceriantheopsis_americana",2
"Cnidarians","Chelophyes_appendiculata",2
"Echinoderms","Coscinasterias_calamaria",2
"Molluscs","Doryteuthis_opalescens",2
"Amphibians","Eleutherodactylus_planirostris",2
"Fish","Esox_americanus",2
"Fish","Eucinostomus_melanopterus",2
"Fish","Eumicrotremus_spinosus",2
"Cnidarians","Forskalia",2
"Fish","Gymnoscopelus_fraseri",2
"Fish","Hemichromis_fasciatus",2
"Fish","Hemigrammus_microstomus",2
"Fish","Hippocampus_patagonicus",2
"Fish","Hippoglossoides_elassodon",2
"Amphibians","Hyperolius_concolor",2
"Amphibians","Hyperolius_fusciventris",2
"Amphibians","Hyperolius_guttulatus",2
"Amphibians","Hyperolius_sylvaticus",2
"Fish","Hypopomus",2
"Fish","Icelus_(genus_in_Deuterostomia)",2
"Fish","Jupiaba_zonata",2
"Fish","Knodus_gamma",2
"Fish","Lepidonotothen_squamifrons",2
"Annelids","Lepidonotus_squamatus",2
"Fish","Leucoraja_circularis",2
"Fish","Liparis_bathyarcticus",2
"Echinoderms","Luidia_foliolata",2
"Echinoderms","Luidia_sarsi",2
"Fish","Lycodes_rossi",2
"Fish","Lycodes_seminudus",2
"Fish","Macrourus_berglax",2
"Echinoderms","Mediaster_aequalis",2
"Fish","Monodactylus_sebae",2
"Cnidarians","Muggiaea_atlantica",2
"Fish","Mustelus_henlei",2
"Cnidarians","Obelia_dichotoma",2
"Echinoderms","Ophiura_sarsii",2
"Fish","Pelmatolapia_mariae",2
"Amphibians","Plethodon_albagula",2
"Fish","Pleuronectes_quadrituberculatus",2
"Fish","Polydactylus_quadrifilis",2
"Fish","Pomadasys_jubelini",2
"Fish","Prionobrama_filigera",2
"Fish","Pseudobatos_horkelii",2
"Fish","Pseudobatos_percellens",2
"Fish","Pseudotolithus_senegallus",2
"Fish","Raja_radula",2
"Fish","Remora_remora",2
"Fish","Scopelosaurus_adleri",2
"Fish","Serranus_hepatus",2
"Echinoderms","Solaster_stimpsoni",2
"Amphibians","Spea_multiplicata",2
"Cnidarians","Sulculeolaria_chuni",2
"Cnidarians","Sulculeolaria_monoica",2
"Fish","Triglops_nybelini",2
"Fish","Triglops_pingelii",2
"Molluscs","Trochia_cingulata",2
"Fish","Abudefduf_taurus",1
"Cnidarians","Abyla_trigona",1
"Arthropods","Acanthephyra_stylorostratis",1
"Fish","Acanthostracion_quadricornis",1
"Fish","Acestrorhynchus_heterolepis",1
"Fish","Acestrorhynchus_minimus",1
"Fish","Adinia_xenica",1
"Fish","Adontosternarchus_devenanzii",1
"Arthropods","Aelurillus_concolor",1
"Fish","Aequidens_diadema",1
"Fish","Aetomylaeus_bovinus",1
"Fish","Ageneiosus_inermis",1
"Fish","Albatrossia_pectoralis",1
"Fish","Alectis_alexandrina",1
"Fish","Alfaro_cultratus",1
"Molluscs","Alloteuthis_media",1
"Fish","Alopias_pelagicus",1
"Amphibians","Ambystoma_cingulatum",1
"Amphibians","Ambystoma_rivulare",1
"Amphibians","Amietia_angolensis",1
"Echinoderms","Amphiura_chiajei",1
"Echinoderms","Amphiura_filiformis",1
"Amphibians","Anaxyrus_debilis",1
"Fish","Ancylopsetta_ommata",1
"Amphibians","Andinobates_virolinensis",1
"Fish","Aphanius_farsicus",1
"Fish","Aphanius_fasciatus",1
"Fish","Aphyocharax_erythrurus",1
"Fish","Apistogramma",1
"Fish","Apistogramma_hoignei",1
"Fish","Apodichthys_fucorum",1
"Fish","Apogon_maculatus",1
"Arthropods","Apsilochorema_sutshanum",1
"Molluscs","Architeuthis_dux",1
"Fish","Archocentrus_centrarchus",1
"Fish","Argyropelecus_lychnus",1
"Fish","Ariopsis_felis",1
"Fish","Artedidraco_lonnbergi",1
"Echinoderms","Astropecten_aranciacus",1
"Echinoderms","Astropecten_articulatus",1
"Echinoderms","Astropecten_platyacanthus",1
"Fish","Atherinella_hubbsi",1
"Cnidarians","Aurelia_limbata",1
"Fish","Auxis_rochei",1
"Fish","Barbus_strumicae",1
"Cnidarians","Bassia_bassensis",1
"Arthropods","Bentheogennema_intermedia",1
"Cnidarians","Blackfordia_virginica",1
"Fish","Boesemania_microlepis",1
"Amphibians","Bolitoglossa_mexicana",1
"Amphibians","Bolitoglossa_rufescens",1
"Fish","Bothrocara_brunneum",1
"Fish","Boulengerella_cuvieri",1
"Fish","Boulengerella_lucius",1
"Arthropods","Boyeria_maclachlani",1
"Fish","Brachydeuterus_auritus",1
"Fish","Brachyhypopomus_occidentalis",1
"Fish","Brachyrhaphis_parismina",1
"Fish","Brama_caribbea",1
"Amphibians","Caecilia_gracilis",1
"Arthropods","Calopteryx_cornelia",1
"Fish","Caquetaia_kraussii",1
"Fish","Carangoides_gymnostethus",1
"Fish","Carcharhinus_perezii",1
"Fish","Carlarius_latiscutatus",1
"Arthropods","Caroperla",1
"Arthropods","Carparachne_aureoflava",1
"Fish","Catoprion_mento",1
"Fish","Centropomus_pectinatus",1
"Arthropods","Ceratopsyche_albicephala",1
"Cnidarians","Cereus_pedunculatus",1
"Amphibians","Chacophrys_pierottii",1
"Fish","Chaetodipterus_lippei",1
"Fish","Charax_condei",1
"Fish","Charax_gibbosus",1
"Arthropods","Charybdis_hellerii",1
"Fish","Cheirodontops_geayi",1
"Fish","Chelon_auratus",1
"Fish","Chelon_ramada",1
"Fish","Chelon_saliens",1
"Fish","Chendol_keelini",1
"Arthropods","Cheumatopsyche_galloisi",1
"Cnidarians","Chiropsalmus_quadrumanus",1
"Cnidarians","Chrysaora_melanaster",1
"Fish","Chrysichthys_auratus",1
"Fish","Cichla_intermedia",1
"Fish","Cichla_orinocensis",1
"Fish","Cichla_temensis",1
"Fish","Cichlasoma_urophthalmum",1
"Arthropods","Cincticostella_elongatula",1
"Arthropods","Cincticostella_nigra",1
"Fish","Citharichthys_stampflii",1
"Fish","Clarias_ngamensis",1
"Fish","Clarias_theodorae",1
"Cnidarians","Clavularia_frankliniana",1
"Fish","Clupisoma_naziri",1
"Fish","Copella_metae",1
"Fish","Coptodon_guineensis",1
"Cnidarians","Cordagalma_ordinatum",1
"Fish","Coregonus_ussuriensis",1
"Arthropods","Corydalus_cornutus",1
"Fish","Corydoras_aeneus",1
"Fish","Corynopoma_riisei",1
"Fish","Creagrutus_guanes",1
"Fish","Crenicichla",1
"Fish","Crenicichla_geayi",1
"Fish","Crenicichla_saxatilis",1
"Fish","Cribroheros_alfari",1
"Reptiles","Crotalus_oreganus_lutosus",1
"Arthropods","Cryptoperla_japonica",1
"Fish","Ctenogobius_boleosoma",1
"Fish","Ctenogobius_pseudofasciatus",1
"Cnidarians","Cyanea_(genus_in_Opisthokonta)",1
"Amphibians","Cycloramphus_brasiliensis",1
"Fish","Cyclothone_obscura",1
"Fish","Cyclothone_pallida",1
"Fish","Cynodonichthys_isthmensis",1
"Fish","Cynopoecilus_fulgens",1
"Arthropods","Cyrba_algerina",1
"Fish","Dagetichthys_lusitanica",1
"Arthropods","Davidius_fujiama",1
"Arthropods","Davidius_moiwanus",1
"Amphibians","Dendropsophus_branneri",1
"Amphibians","Dendropsophus_sanborni",1
"Amphibians","Desmognathus_welteri",1
"Fish","Diaphus_coeruleus",1
"Fish","Diaphus_danae",1
"Fish","Diaphus_knappi",1
"Fish","Diaphus_metopoclampus",1
"Fish","Diogenichthys_laternatus",1
"Fish","Diplodus_caudimacula",1
"Fish","Dipturus_australis",1
"Amphibians","Discoglossus_montalentii",1
"Amphibians","Discoglossus_sardus",1
"Arthropods","Dolophilodes_commata",1
"Fish","Drepane_punctata",1
"Arthropods","Drunella_basalis",1
"Arthropods","Drunella_ishiyamana",1
"Arthropods","Drunella_sachalinensis",1
"Arthropods","Drunella_trispina",1
"Amphibians","Dryophytes_euphorbiaceus",1
"Amphibians","Dryophytes_versicolor",1
"Echinoderms","Dytaster_grandis",1
"Fish","Eigenmannia_virescens",1
"Fish","Eleginus_navaga",1
"Fish","Eleotris_pisonis",1
"Fish","Elops_lacerta",1
"Fish","Enteromius_paludinosus",1
"Fish","Entomocorus_gameroi",1
"Arthropods","Eoneureclipsis",1
"Arthropods","Epeorus_latifolium",1
"Arthropods","Ephemerella_cornutus",1
"Fish","Ephippion_guttifer",1
"Fish","Epinephelus_aeneus",1
"Fish","Epinephelus_fasciatus",1
"Fish","Epinephelus_morio",1
"Fish","Epinephelus_stoliczkae",1
"Arthropods","Epiophlebia_superstes",1
"Fish","Erimyzon_sucetta",1
"Fish","Etheostoma_exile",1
"Fish","Etmopterus_granulosus",1
"Fish","Etropus_crossotus",1
"Arthropods","Eubasilissa_regina",1
"Arthropods","Eucapnopsis",1
"Arthropods","Eucopia_sculpticauda",1
"Arthropods","Eucopia_unguiculata",1
"Fish","Eutropiichthys_vacha",1
"Fish","Evermannella",1
"Fish","Evorthodus_lyricus",1
"Fish","Ferrarissoaresia_meridionalis",1
"Fish","Fontitrygon_margarita",1
"Arthropods","Forficula_auricularia",1
"Echinoderms","Freyella_elegans",1
"Fish","Fundulus_chrysotus",1
"Fish","Fundulus_confluentus",1
"Fish","Fundulus_pulvereus",1
"Fish","Gaidropsarus_argentatus",1
"Fish","Galeoides_decadactylus",1
"Fish","Galeus_melastomus",1
"Arthropods","Geothelphusa_dehaani",1
"Echinoderms","Gephyreaster_swifti",1
"Fish","Gephyrocharax_valencia",1
"Fish","Gibbonsia_elegans",1
"Fish","Gnathocharax_steindachneri",1
"Fish","Gobiomorus_dormitor",1
"Fish","Gobiosoma_robustum",1
"Reptiles","Graptemys_geographica",1
"Birds","Gulosus_aristotelis",1
"Fish","Gymnotus_cylindricus",1
"Fish","Gymnura_micrura",1
"Fish","Haemulon_vittatum",1
"Arthropods","Haploperla_japonica",1
"Fish","Hemicaranx_amblyrhynchus",1
"Fish","Hemigrammus_analis",1
"Fish","Hemigrammus_arua",1
"Fish","Hemigrammus_barrigonae",1
"Fish","Hemigrammus_bellottii",1
"Fish","Hemigrammus_rhodostomus",1
"Fish","Hemigrammus_stictus",1
"Fish","Hemigrammus_vorderwinkleri",1
"Fish","Hemilepidotus_hemilepidotus",1
"Fish","Hemilepidotus_jordani",1
"Fish","Hemitripterus_bolini",1
"Fish","Heterandria_formosa",1
"Fish","Heterocharax_macrolepis",1
"Fish","Heterostichus_rostratus",1
"Molluscs","Hexaplex_princeps",1
"Arthropods","Hexatoma",1
"Cnidarians","Hippopodius_hippopus",1
"Fish","Hydrolycus_armatus",1
"Arthropods","Hydropsyche_javanica",1
"Echinoderms","Hymenaster_pellucidus",1
"Echinoderms","Hymenodiscus_coronata",1
"Arthropods","Hymenodora_glacialis",1
"Fish","Hypanus_americanus",1
"Fish","Hypomesus_pretiosus",1
"Fish","Idiacanthus_antrostomus",1
"Fish","Iheringichthys_labrosus",1
"Fish","Ilisha_amazonica",1
"Amphibians","Incilius_mazatlanensis",1
"Arthropods","Isonychia_japonica",1
"Arthropods","Isoperla_motonis",1
"Arthropods","Isoperla_nipponica",1
"Amphibians","Itapotihyla_langsdorffii",1
"Fish","Kajikia_audax",1
"Arthropods","Kamimuria_tibialis",1
"Arthropods","Kamimuria_uenoi",1
"Arthropods","Kiotina",1
"Arthropods","Kogotus",1
"Fish","Krefftichthys_anderssoni",1
"Fish","Labrisomus_kalisherae",1
"Fish","Lampanyctodes_hectoris",1
"Fish","Lampanyctus_australis",1
"Fish","Lampanyctus_macropterus",1
"Arthropods","Lamyctes_fulvicornis",1
"Arthropods","Lanthus_fujiacus",1
"Molluscs","Latirolagena_smaragdulus",1
"Molluscs","Latirus_polygonus",1
"Cnidarians","Lensia_conoidea",1
"Arthropods","Lepidostoma_(genus_in_Opisthokonta)",1
"Fish","Lepomis_humilis",1
"Fish","Lepomis_marginatus",1
"Amphibians","Leptodactylus_spixi",1
"Fish","Lethrinus_borbonicus",1
"Fish","Lethrinus_mahsena",1
"Fish","Lethrinus_microdon",1
"Fish","Leucoraja_fullonica",1
"Arthropods","Leucorchestris_arenicola",1
"Arthropods","Leucorchestris_steyni",1
"Arthropods","Leuctridae",1
"Arthropods","Limnocentropus_insolitus",1
"Fish","Liopsetta_glacialis",1
"Fish","Liparis_(genus_in_Opisthokonta)",1
"Fish","Lithodoras_dorsalis",1
"Fish","Lucania_goodei",1
"Fish","Luciobarbus_callensis",1
"Echinoderms","Luidia_clathrata",1
"Fish","Lumpenus_fabricii",1
"Fish","Lutjanus_dentatus",1
"Fish","Lutjanus_gibbus",1
"Fish","Lutjanus_goreensis",1
"Fish","Lycodes_eudipleurostictus",1
"Fish","Lycodes_reticulatus",1
"Arthropods","Macromia_amphigena",1
"Fish","Marcusenius_macrolepidotus",1
"Fish","Mastacembelus_frenatus",1
"Fish","Menidia_peninsulae",1
"Echinoderms","Meridiastra_gunnii",1
"Arthropods","Mesyatsia",1
"Birds","Microcarbo_melanoleucos",1
"Fish","Microglanis_iheringi",1
"Fish","Micropanchax_johnstoni",1
"Fish","Microsternarchus_bilineatus",1
"Arthropods","Mimetus_notius",1
"Fish","Moenkhausia_forestii",1
"Fish","Monacanthus_tuckeri",1
"Fish","Mormyrus_lacerda",1
"Fish","Myctophum_spinosum",1
"Fish","Myzopsetta_ferruginea",1
"Fish","Myzopsetta_proboscidea",1
"Cnidarians","Nanomia_bijuga",1
"Fish","Neochelon_falcipinnis",1
"Fish","Neoniphon_vexillarium",1
"Arthropods","Neoperla",1
"Annelids","Nephtys_hombergii",1
"Fish","Nerophis_ophidion",1
"Arthropods","Nihonogomphus_viridis",1
"Fish","Notropis_photogenis",1
"Fish","Noturus_gyrinus",1
"Molluscs","Nucella_canaliculata",1
"Molluscs","Nucella_ostrina",1
"Arthropods","Obipteryx",1
"Fish","Oblada_melanura",1
"Fish","Ochmacanthus_alternus",1
"Molluscs","Ocinebrina_lurida",1
"Molluscs","Ommastrephes_bartramii",1
"Amphibians","Ommatotriton_ophryticus",1
"Fish","Oostethus_brachyurus",1
"Echinoderms","Ophiacantha_pentactis",1
"Echinoderms","Ophioplinthus_gelida",1
"Fish","Opistognathus_macrognathus",1
"Fish","Opistognathus_whitehursti",1
"Fish","Oreochromis_macrochir",1
"Echinoderms","Orthasterias_koehleri",1
"Fish","Osmerus_mordax_dentex",1
"Amphibians","Osornophryne_percrassa",1
"Arthropods","Ostrovus",1
"Arthropods","Ovalipes_catharus",1
"Arthropods","Oyamia",1
"Reptiles","Pachydactylus_wahlbergii",1
"Arthropods","Parachauliodes_continentalis",1
"Arthropods","Parachauliodes_japonicus",1
"Fish","Parachromis_dovii",1
"Fish","Parachromis_friedrichsthalii",1
"Arthropods","Paragnetina",1
"Fish","Parailia_pellucida",1
"Chaetognaths","Parasagitta_friderici",1
"Arthropods","Pardosa_ramulosa",1
"Fish","Parmaturus_xaniurus",1
"Arthropods","Paruroctonus_mesaensis",1
"Fish","Pellona_castelnaeana",1
"Fish","Pempheris_schomburgkii",1
"Echinoderms","Pentaceraster_cumingi",1
"Molluscs","Peristernia_australiensis",1
"Molluscs","Peristernia_chlorostoma",1
"Molluscs","Peristernia_nassatula",1
"Molluscs","Peristernia_reincarnata",1
"Molluscs","Peristernia_ustulata",1
"Echinoderms","Petricia_vernicina",1
"Fish","Petrocephalus_catostoma",1
"Fish","Pharyngochromis_darlingi",1
"Amphibians","Phrynobatrachus_mababiensis",1
"Fish","Phtheirichthys_lineatus",1
"Amphibians","Phyllodytes_luteolus",1
"Amphibians","Phyllomedusa_burmeisteri",1
"Fish","Pimelodus_blochii",1
"Echinoderms","Pisaster_brevispinus",1
"Amphibians","Pithecopus_rohdei",1
"Fish","Plagioscion_squamosissimus",1
"Fish","Platybelone_argala",1
"Fish","Platycephalus_speculator",1
"Fish","Platynematichthys_notatus",1
"Fish","Platyrhina_tangi",1
"Fish","Plectorhinchus_macrolepis",1
"Fish","Plectropomus_maculatus",1
"Fish","Plectrypops_retrospinis",1
"Arthropods","Plesionika_gigliolii",1
"Arthropods","Plesionika_heterocarpus",1
"Amphibians","Plethodon_shermani",1
"Molluscs","Pleurobranchaea_californica",1
"Fish","Pollimyrus_castelnaui",1
"Fish","Pomatoschistus_marmoratus",1
"Echinoderms","Pontaster_tenuispinus",1
"Arthropods","Potamanthus_formosus",1
"Fish","Potamotrygon_magdalenae",1
"Fish","Pristobrycon",1
"Fish","Pristobrycon_striolatus",1
"Fish","Prognathodes_aculeatus",1
"Arthropods","Protohermes_grandis",1
"Fish","Protomyctophum_choriodon",1
"Fish","Protomyctophum_tenisoni",1
"Fish","Psellogrammus_kennedyi",1
"Fish","Psettodes_belcheri",1
"Fish","Pseudotolithus_epipercus",1
"Echinoderms","Psilaster_andromeda",1
"Echinoderms","Psilaster_pectinatus",1
"Fish","Pteroplatytrygon_violacea",1
"Amphibians","Ptychadena_mascareniensis",1
"Fish","Pygocentrus_cariba",1
"Fish","Pygopristis_denticulata",1
"Fish","Pyrrhulina_lugubris",1
"Amphibians","Quasipaa_verrucospinosa",1
"Fish","Rachovia_maculipinnis",1
"Fish","Raja_velezi",1
"Amphibians","Rana_areolata",1
"Amphibians","Rana_sphenocephala",1
"Echinoderms","Rathbunaster_californicus",1
"Cnidarians","Rathkea_octopunctata",1
"Fish","Remora_osteochir",1
"Fish","Remorina_albescens",1
"Fish","Rhamdia_guatemalensis",1
"Fish","Rhamdia_quelen",1
"Fish","Rhamphichthys_marmoratus",1
"Fish","Rhinesomus_triqueter",1
"Cnidarians","Rhizophysa_eysenhardti",1
"Fish","Rhonciscus_crocro",1
"Arthropods","Rhyacophila_brevicephala",1
"Arthropods","Rhyacophila_kawamurae",1
"Arthropods","Rhyacophila_kisoensis",1
"Arthropods","Rhyacophila_lezeyi",1
"Arthropods","Rhyacophila_nipponica",1
"Arthropods","Rhyacophila_shikotsuensis",1
"Arthropods","Rhyacophila_transquilla",1
"Fish","Roeboides_dayi",1
"Fish","Roeboides_guatemalensis",1
"Chaetognaths","Sagitta_gazellae",1
"Amphibians","Salamandra_corsica",1
"Amphibians","Salamandrina_perspicillata",1
"Fish","Sargocentron_coruscum",1
"Fish","Sargochromis_carlottae",1
"Fish","Satanoperca_daemon",1
"Fish","Schilbe_mystus",1
"Amphibians","Sclerophrys_garmani",1
"Arthropods","Scytodes_longipes",1
"Fish","Sebastes_rastrelliger",1
"Fish","Serrabrycon_magoi",1
"Fish","Serranochromis_altus",1
"Fish","Serranochromis_robustus",1
"Fish","Serranus_tabacarius",1
"Fish","Serranus_tortugarum",1
"Fish","Serrapinnus",1
"Fish","Serrapinnus_notomelas",1
"Fish","Serrasalmus_irritans",1
"Fish","Serrasalmus_manueli",1
"Fish","Serrasalmus_rhombeus",1
"Arthropods","Sieboldius_albardae",1
"Arthropods","Sinogomphus_flavolimbatus",1
"Cnidarians","Sphaeronectes_koellikeri",1
"Fish","Sphyraena_guachancho",1
"Fish","Sphyraena_picudilla",1
"Fish","Sphyrna_zygaena",1
"Arthropods","Stavsolus",1
"Fish","Stegastes_variabilis",1
"Fish","Stellifer_lanceolatus",1
"Arthropods","Stenopsyche_marmorata",1
"Arthropods","Stenopsyche_sauteri",1
"Fish","Sternoptyx_diaphana",1
"Fish","Sternoptyx_pseudobscura",1
"Fish","Stichaeus_punctatus",1
"Arthropods","Strophopteryx",1
"Arthropods","Stylogomphus_suzukii",1
"Cnidarians","Sulculeolaria_turgida",1
"Arthropods","Sweltsa",1
"Fish","Syngnathus_abaster",1
"Fish","Synodontis_leopardinus",1
"Fish","Synodontis_macrostigma",1
"Fish","Synodontis_nigromaculata",1
"Fish","Synodontis_woosnami",1
"Arthropods","Tabanus_sapporoenus",1
"Fish","Tactostoma_macropus",1
"Cnidarians","Tamoya_haplonema",1
"Fish","Tetronarce_peruana",1
"Echinoderms","Thrissacanthias_penicillatus",1
"Arthropods","Tipula",1
"Amphibians","Tomopterna_cryptotis",1
"Echinoderms","Tosia_australis",1
"Fish","Trachelyopterus_galeatus",1
"Fish","Trematomus_newnesi",1
"Fish","Triakis_megalopterus",1
"Fish","Trichodon_trichodon",1
"Fish","Trinectes_paulistanus",1
"Fish","Trygonorrhina_fasciata",1
"Fish","Ulvaria_subbifurcata",1
"Fish","Urophycis_chuss",1
"Fish","Urotrygon_microphthalmum",1
"Fish","Valencia_letourneuxi",1
"Arthropods","Wormaldia",1
"Fish","Xenagoniates_bondi",1
"Amphibians","Xenopus_borealis",1
"Fish","Zapteryx_exasperata",1
"Fish","Zapteryx_xyster",1
